lokasi,komoditas,tanggal,suhu_c,curah_hujan_mm,ph_tanah,produksi_kg,permintaan_kg,harga_per_kg,distribusi_jam
Malang,Padi,2026-04-03,30.1,1.9,6.26,5642,4962,8742,4
Semarang,Padi,2026-01-24,28.0,5.8,6.55,5035,5584,19822,4
Semarang,Cabai,2026-02-18,24.1,8.0,6.45,950,409,35268,7
Semarang,Cabai,2026-01-03,29.8,9.2,6.44,991,1038,36564,5
Malang,Padi,2026-02-22,27.5,1.1,6.69,5474,4852,11641,4
Semarang,Padi,2026-04-14,28.1,12.6,6.56,4581,4128,9647,7
Semarang,Cabai,2026-02-17,30.5,0.0,6.61,1007,1189,37228,6
Malang,Padi,2026-01-26,29.2,7.1,6.31,4685,4249,9086,7
Semarang,Cabai,2026-01-11,30.3,0.5,6.6,1391,1084,34659,7
Malang,Cabai,2026-03-13,27.2,4.4,6.79,662,1380,42043,5
Malang,Cabai,2026-03-06,29.7,4.6,6.59,1220,688,30652,6
Malang,Cabai,2026-01-15,28.7,0.2,6.53,965,2053,38389,7
Semarang,Cabai,2026-01-23,30.7,16.4,6.82,1247,1117,36143,5
Malang,Cabai,2026-01-06,26.0,3.9,6.69,937,690,33045,4
Malang,Padi,2026-04-07,30.7,0.0,6.33,4848,4476,18027,4
Malang,Padi,2026-02-13,27.7,2.4,6.56,4562,4734,14567,5
Semarang,Padi,2026-02-08,25.2,4.9,6.51,5738,4923,10528,5
Malang,Padi,2026-03-31,31.3,8.8,6.66,4727,5561,15366,5
Semarang,Cabai,2026-04-22,28.1,6.9,6.89,1024,833,35760,7
Malang,Padi,2026-03-08,27.9,10.5,6.59,4259,5192,20517,4
Malang,Padi,2026-01-23,32.7,7.0,6.37,4843,5005,15565,4
Semarang,Cabai,2026-02-17,29.1,7.5,6.47,1054,1385,34525,7
Malang,Padi,2026-01-24,30.8,3.9,6.63,5330,4260,10987,4
Malang,Cabai,2026-04-03,27.0,0.0,5.92,759,998,35428,7
Semarang,Padi,2026-01-08,29.8,9.7,6.33,5043,4452,9501,5
Semarang,Padi,2026-04-12,30.8,3.8,6.74,5161,6093,18847,7
Malang,Cabai,2026-03-02,34.6,4.8,,1057,1242,35227,7
Malang,Cabai,2026-01-24,30.2,0.0,6.57,1015,913,33539,7
Malang,Cabai,2026-03-08,29.4,0.0,6.53,1115,646,32962,7
Malang,Padi,2026-01-23,29.1,0.0,6.57,5168,5433,17432,7
Malang,Cabai,2026-02-11,30.0,7.6,6.6,2155,1228,32636,7
Semarang,Padi,2026-01-14,28.4,8.8,6.35,4928,4805,13548,4
Semarang,Cabai,2026-03-03,30.4,0.0,6.41,1326,1025,31339,4
Semarang,Padi,2026-04-18,27.5,6.1,6.51,4804,5857,20532,7
Semarang,Cabai,2026-04-24,24.9,5.9,6.37,1255,682,31905,4
Semarang,Cabai,2026-03-03,30.0,9.3,6.26,899,810,33248,5
Semarang,Padi,2026-03-30,26.5,9.6,6.92,5309,4392,8446,7
Malang,Cabai,2026-03-27,29.9,8.9,6.31,982,-296,26561,4
Semarang,Padi,2026-04-11,32.3,0.0,6.41,5039,5576,13813,5
Semarang,Cabai,2026-04-30,27.0,7.3,6.54,819,1027,35269,6
Semarang,Padi,2026-01-12,32.2,0.0,6.93,4414,4939,17801,4
Semarang,Padi,2026-02-12,29.6,1.9,6.46,4852,4764,15259,7
Semarang,Cabai,2026-04-24,30.8,6.5,6.66,1188,668,31279,4
Semarang,Padi,2026-04-09,29.0,5.6,6.76,4822,5218,15575,4
Semarang,Cabai,2026-02-24,30.7,9.1,6.76,1006,1272,35709,4
Semarang,Padi,2026-03-02,29.6,4.3,6.52,5178,4672,15654,6
Semarang,Cabai,2026-02-21,31.3,9.0,6.62,1188,995,32240,6
Semarang,Cabai,2026-01-05,29.6,13.4,6.68,1148,1022,34490,5
Malang,Padi,2026-02-11,30.8,3.8,6.51,4647,5178,13731,4
Malang,Padi,2026-04-26,29.6,4.1,6.15,5320,4934,15791,7
Semarang,Cabai,2026-04-01,27.4,0.0,6.18,873,1577,34690,7
Semarang,Padi,2026-03-02,30.1,8.7,6.28,5228,4780,6841,4
Semarang,Cabai,2026-02-07,31.7,3.6,6.51,1116,893,33677,4
Malang,Padi,2026-04-11,,0.0,6.36,4709,5574,16921,6
Semarang,Padi,2026-04-06,28.7,2.0,6.44,4778,5185,13953,7
Semarang,Padi,2026-02-19,27.4,0.0,6.44,4501,5691,16964,7
Malang,Cabai,2026-02-15,32.4,0.0,6.53,1311,876,30485,5
Malang,Padi,2026-04-06,27.8,12.2,6.55,5369,5087,11621,4
Malang,Cabai,2026-04-12,29.3,9.0,6.68,1243,459,29805,4
Semarang,Cabai,2026-02-20,27.3,1.6,6.57,1148,999,33402,5
Semarang,Cabai,2026-02-19,29.3,10.8,6.71,1049,591,32171,6
Malang,Cabai,2026-04-11,32.0,9.4,,897,307,34938,6
Malang,Cabai,2026-04-08,29.4,0.0,6.4,1400,1392,35621,4
Malang,Padi,2026-01-10,29.0,9.0,6.44,4500,4997,17291,4
Semarang,Cabai,2026-02-12,28.8,4.6,6.28,1146,1298,35178,6
Malang,Cabai,2026-02-01,28.1,2.6,6.34,832,426,32586,5
Malang,Padi,2026-03-31,28.8,5.2,6.6,5361,5340,12654,4
Malang,Cabai,2026-02-21,27.9,0.0,6.97,906,749,29830,4
Semarang,Padi,2026-02-28,30.7,0.1,6.51,5290,4611,10763,5
Semarang,Cabai,2026-04-25,27.4,0.5,6.46,985,575,31641,5
Semarang,Padi,2026-01-25,29.4,9.6,6.71,5196,4650,11263,6
Semarang,Padi,2026-04-21,28.1,12.9,6.42,4799,5558,15175,5
Malang,Padi,2026-02-28,29.1,5.6,6.43,4928,4816,12188,7
Semarang,Cabai,2026-03-03,27.3,2.3,6.0,1205,1156,34585,7
Malang,Padi,2026-04-28,27.6,2.3,6.61,5062,5817,21014,6
Malang,Padi,2026-01-05,27.9,0.0,6.56,4177,4816,16581,5
Semarang,Padi,2026-02-07,26.7,6.3,7.06,4516,4940,15305,5
Malang,Cabai,2026-01-10,,8.8,6.72,1231,710,37262,6
Malang,Padi,2026-04-05,29.3,5.4,6.6,5474,4952,11617,4
Malang,Padi,2026-03-01,28.4,3.4,6.61,5310,4116,8751,4
Semarang,Cabai,2026-01-18,28.5,11.5,6.36,330,1420,38762,6
Malang,Cabai,2026-01-17,28.5,9.1,6.68,1028,646,33663,5
Malang,Cabai,2026-02-20,27.3,3.0,6.6,1374,1386,35224,7
Malang,Padi,2026-02-26,26.8,0.9,6.8,5120,4860,14358,5
Malang,Cabai,2026-02-16,31.6,2.8,6.41,834,1385,39702,6
Malang,Cabai,2026-02-05,25.7,6.4,6.29,846,1068,37781,7
Malang,Cabai,2026-03-31,29.4,18.2,6.46,1014,1712,39670,7
Malang,Padi,2026-04-16,,11.5,6.37,4851,5167,14801,4
Malang,Padi,2026-02-24,30.1,0.0,6.78,4792,5246,15009,5
Malang,Cabai,2026-03-04,31.1,3.8,6.49,1242,1336,35393,7
Malang,Cabai,2026-04-18,28.6,6.6,6.26,1083,712,34956,5
Semarang,Padi,2026-03-26,29.9,5.1,6.96,4511,5043,18919,7
Malang,Cabai,2026-01-01,27.3,0.0,6.77,901,820,30346,4
Malang,Cabai,2026-01-30,29.6,10.8,6.71,699,1971,45259,4
Semarang,Padi,2026-02-07,28.3,6.2,6.39,4933,4668,14518,6
Semarang,Padi,2026-04-07,30.9,11.4,6.64,4661,4790,15623,4
Semarang,Cabai,2026-01-08,28.5,3.1,6.64,1133,855,35928,4
Semarang,Cabai,2026-01-14,30.2,3.5,6.57,624,1369,38355,6
Malang,Padi,2026-01-11,27.6,0.0,6.19,5181,4487,14039,5
Malang,Padi,2026-02-22,29.4,4.5,6.39,5119,4984,15531,5
Malang,Padi,2026-04-06,28.3,,6.56,4486,4460,15356,5
Semarang,Cabai,2026-04-20,,6.7,6.39,766,1078,34603,5
Semarang,Cabai,2026-02-06,31.1,7.4,6.55,1294,1666,38888,6
Semarang,Cabai,2026-01-17,25.3,0.0,6.38,1007,1207,34548,6
Malang,Padi,2026-04-25,27.8,0.0,6.32,4594,4609,16182,6
Semarang,Padi,2026-02-24,30.0,5.9,6.33,5210,4769,12039,5
Malang,Cabai,2026-04-17,31.3,1.5,6.49,1531,749,34714,6
Malang,Cabai,2026-04-24,30.3,9.9,6.62,528,709,35409,6
Malang,Cabai,2026-01-17,28.9,8.1,6.54,599,1152,38986,4
Malang,Cabai,2026-04-11,30.7,7.3,6.49,501,1171,38765,6
Semarang,Cabai,2026-03-27,26.8,10.3,6.49,1204,1011,34094,5
Malang,Padi,2026-04-13,29.2,2.7,6.41,4907,5088,13947,7
Semarang,Cabai,2026-03-28,28.6,2.8,6.79,1058,1412,33798,7
Malang,Padi,2026-04-18,29.2,10.3,6.4,5422,5919,15759,7
Semarang,Cabai,2026-01-10,28.5,1.7,,1050,996,34460,7
Semarang,Padi,2026-03-09,30.3,13.1,6.59,4925,4618,11914,6
Semarang,Cabai,2026-03-02,30.1,0.0,6.67,1062,940,33071,4
Malang,Padi,2026-04-27,28.7,2.5,6.59,5152,4500,11882,4
Malang,Padi,2026-04-23,28.3,0.0,6.66,5314,5137,12361,5
Malang,Padi,2026-04-21,28.7,10.6,6.2,4785,4758,13803,5
Semarang,Padi,2026-01-09,30.0,4.0,6.32,5292,4905,12269,5
Semarang,Cabai,2026-03-01,29.1,,6.53,1258,1217,38828,4
Malang,Cabai,2026-01-06,31.2,5.3,6.37,857,814,32884,4
Malang,Cabai,2026-02-11,29.6,1.9,6.54,952,983,36267,6
Malang,Padi,2026-01-10,27.9,8.2,6.81,5102,4687,10694,4
Semarang,Cabai,2026-04-23,27.0,5.8,6.46,1056,1474,36617,7
Semarang,Cabai,2026-04-04,30.5,8.4,6.6,812,1300,39393,5
Malang,Padi,2026-03-31,33.0,1.3,6.16,5414,5454,13286,6
Semarang,Cabai,2026-01-26,28.8,0.0,6.52,1349,782,33919,7
Semarang,Cabai,2026-03-19,28.0,3.2,6.13,829,1465,36321,5
Malang,Cabai,2026-03-05,29.8,8.4,6.27,1769,513,29028,4
Malang,Cabai,2026-02-22,28.7,0.0,6.43,1006,740,35544,7
Semarang,Padi,2026-01-03,28.7,0.0,6.21,5181,4405,10752,7
Malang,Padi,2026-04-28,30.8,0.0,6.56,4987,4952,11469,5
Semarang,Padi,2026-04-20,31.4,8.7,6.69,5253,4870,12180,5
Semarang,Padi,2026-01-20,31.4,1.7,6.7,5027,4445,8875,5
Malang,Padi,2026-02-15,30.8,7.8,6.52,4917,5084,16595,4
Malang,Cabai,2026-02-01,29.7,4.1,6.53,1156,1207,37870,6
Malang,Cabai,2026-03-25,33.3,10.9,6.48,1449,1674,35204,7
Malang,Padi,2026-01-13,33.7,2.9,6.43,4392,5228,18930,4
Malang,Padi,2026-02-20,26.4,11.0,6.4,5928,4929,7485,4
Malang,Padi,2026-03-04,,2.9,6.73,4917,5553,18694,5
Semarang,Padi,2026-01-24,30.9,19.7,6.42,5022,5627,13937,6
Semarang,Padi,2026-01-06,27.2,0.0,6.37,4314,4804,17695,5
Semarang,Padi,2026-04-22,32.3,11.4,6.55,4302,4718,15795,4
Semarang,Padi,2026-03-01,32.2,0.0,6.86,5265,5107,11782,4
Malang,Padi,2026-03-07,32.4,12.7,6.22,4834,5173,15095,5
Semarang,Padi,2026-03-15,32.9,,6.47,4656,5235,17125,4
Semarang,Padi,2026-03-25,31.8,0.0,6.6,4353,5282,20585,7
Semarang,Cabai,2026-03-20,32.2,16.5,6.44,864,1059,35019,6
Semarang,Cabai,2026-04-27,32.4,8.9,6.4,263,382,36601,6
Semarang,Cabai,2026-02-13,26.9,5.5,6.51,1036,842,33175,6
Semarang,Cabai,2026-04-06,30.6,0.0,6.49,1058,1073,35408,4
Semarang,Cabai,2026-03-13,30.2,5.7,6.6,1297,259,31696,5
Semarang,Padi,2026-03-11,30.6,3.0,6.45,4847,5120,13794,5
Semarang,Padi,2026-04-12,30.8,4.3,6.43,5225,4872,14131,5
Semarang,Cabai,2026-03-30,31.2,0.0,6.73,1608,1349,29391,4
Malang,Padi,2026-04-23,28.4,4.8,6.26,5093,5507,17465,4
Malang,Cabai,2026-01-26,25.7,5.9,6.02,840,1649,39695,7
Malang,Cabai,2026-04-19,28.5,,6.53,1114,513,31030,4
Semarang,Cabai,2026-02-03,29.8,0.0,6.91,1083,1023,36239,7
Semarang,Padi,2026-02-05,27.6,12.8,6.29,5018,5131,15354,6
Malang,Cabai,2026-02-25,27.9,7.6,6.47,1238,1190,30206,6
Malang,Cabai,2026-04-29,29.5,16.3,,1126,576,33205,4
Malang,Padi,2026-03-13,29.6,12.5,6.33,4682,5277,17890,6
Semarang,Cabai,2026-01-18,27.9,7.2,6.27,924,1201,35663,4
Malang,Cabai,2026-03-22,27.9,0.3,6.36,807,469,34815,4
Malang,Cabai,2026-01-25,27.4,13.2,6.84,833,1227,40226,6
Malang,Padi,2026-02-05,27.8,0.0,6.37,4632,5013,14365,5
Semarang,Cabai,2026-02-13,29.5,0.0,6.57,1250,202,30508,6
Semarang,Padi,2026-01-02,32.3,7.1,6.36,4983,5223,15352,4
Malang,Cabai,2026-02-16,29.3,0.0,6.48,999999,705,37357,7
Semarang,Padi,2026-01-03,26.8,3.4,6.74,5042,5927,19211,5
Semarang,Cabai,2026-02-01,29.3,4.2,6.64,1287,685,29327,4
Semarang,Cabai,2026-03-14,31.6,5.2,6.54,971,1146,38679,7
Malang,Padi,2026-04-16,24.0,5.1,6.94,5204,5149,17728,5
Semarang,Cabai,2026-03-21,30.2,2.4,6.41,836,1034,37083,5
Malang,Padi,2026-01-25,,3.9,6.3,999999,5114,13888,5
Malang,Cabai,2026-04-27,28.9,0.0,6.18,1010,1096,33490,6
Semarang,Padi,2026-01-18,30.5,2.7,6.17,5376,5457,10373,5
Semarang,Cabai,2026-01-02,32.3,4.5,6.2,1264,507,30694,4
Malang,Padi,2026-03-03,27.5,2.2,6.69,5456,4490,10422,4
Malang,Padi,2026-02-21,30.0,0.0,6.59,5219,4826,14689,7
Malang,Cabai,2026-01-07,25.1,18.5,6.42,651,906,34182,5
Malang,Cabai,2026-01-10,27.0,7.9,6.19,1309,1166,36437,4
Semarang,Cabai,2026-02-14,28.8,2.8,6.66,607,302,33465,4
Semarang,Padi,2026-03-09,28.2,7.8,6.72,5159,5404,15867,5
Malang,Padi,2026-01-13,29.9,5.8,6.57,4949,5323,14449,7
Malang,Cabai,2026-02-03,27.1,0.0,6.57,922,1404,37148,4
Semarang,Padi,2026-03-06,27.8,4.6,6.72,5172,4026,8641,6
Semarang,Padi,2026-01-11,27.8,11.0,6.75,4339,4680,15415,7
Semarang,Cabai,2026-04-05,27.6,8.5,6.46,964,989,36273,6
Semarang,Padi,2026-01-21,28.9,0.0,6.49,4695,5016,17263,7
Semarang,Padi,2026-01-11,27.3,6.0,6.67,4361,4554,14227,7
Semarang,Padi,2026-03-26,28.9,15.2,6.26,5340,4860,12698,6
Semarang,Cabai,2026-01-13,29.7,13.0,6.72,760,1117,33350,4
Semarang,Padi,2026-01-29,27.8,6.4,6.5,5160,4830,10469,5
Malang,Cabai,2026-03-02,30.3,12.2,6.53,743,928,37960,7
Semarang,Padi,2026-01-16,30.2,8.8,6.43,5183,5098,13180,5
Malang,Cabai,2026-01-10,30.5,7.9,6.81,1283,1274,30528,7
Semarang,Padi,2026-03-31,29.6,6.6,6.65,5336,5253,14535,5
Semarang,Cabai,2026-04-11,28.4,0.3,6.74,1185,816,32439,5
Malang,Padi,2026-04-14,28.2,2.9,6.21,4501,5011,18700,6
Semarang,Cabai,2026-03-21,30.5,0.0,6.5,800,1642,42334,7
Semarang,Cabai,2026-02-18,27.0,6.9,6.71,1254,1032,36503,4
Semarang,Padi,2026-02-24,27.2,8.9,6.38,4948,5247,16891,4
Semarang,Padi,2026-02-14,29.9,0.0,6.23,4995,5340,17476,5
Semarang,Cabai,2026-04-26,26.2,0.0,6.39,1231,241,30390,4
Malang,Padi,2026-02-04,31.1,4.0,6.43,5120,4923,15795,4
Semarang,Padi,2026-03-31,29.4,3.1,5.93,4951,5360,17601,5
Semarang,Padi,2026-04-18,29.8,2.1,6.57,5036,4609,10080,6
Malang,Padi,2026-01-14,27.3,0.4,6.44,5470,4789,10566,7
Semarang,Padi,2026-04-17,29.2,0.0,6.15,4692,5098,16204,6
Semarang,Cabai,2026-01-21,28.8,2.0,6.68,724,555,35289,7
Malang,Cabai,2026-04-25,29.2,6.7,6.34,905,829,33536,5
Malang,Cabai,2026-03-27,31.0,18.3,6.44,1045,1151,39153,5
Semarang,Padi,2026-04-08,26.5,4.7,6.41,5603,5707,12451,5
Semarang,Padi,2026-04-21,31.8,5.3,6.37,4982,4748,14034,6
Malang,Padi,2026-01-26,31.3,1.2,6.21,5028,4855,14157,4
Semarang,Padi,2026-01-28,28.9,1.3,6.52,5264,4610,10719,7
Malang,Cabai,2026-02-19,28.7,0.6,6.39,846,896,33791,4
Semarang,Cabai,2026-03-26,31.1,,5.95,1319,508,31370,7
Malang,Cabai,2026-01-03,34.1,5.9,6.48,903,1312,38180,4
Semarang,Padi,2026-03-11,29.7,2.3,6.29,4987,4630,14562,7
Semarang,Padi,2026-04-05,27.3,6.8,6.38,5083,4790,10020,6
Malang,Padi,2026-04-03,30.0,3.8,6.56,4871,4468,14151,7
Semarang,Padi,2026-01-03,29.1,10.2,6.41,4909,5097,14021,6
Semarang,Padi,2026-02-10,27.4,8.0,,5604,5632,15166,7
Malang,Padi,2026-01-15,28.0,,6.32,5151,5347,14223,6
Semarang,Cabai,2026-03-04,,2.4,6.46,1090,1112,36603,5
Malang,Cabai,2026-01-23,28.2,0.0,6.24,826,619,33357,6
Semarang,Cabai,2026-03-19,28.2,4.9,6.42,979,1216,37954,7
Semarang,Cabai,2026-03-12,31.0,15.3,6.61,1670,689,34277,7
Semarang,Cabai,2026-03-02,28.8,3.9,6.52,825,1331,36424,4
Malang,Cabai,2026-02-28,30.3,12.6,6.43,1238,1223,39430,5
Malang,Padi,2026-01-30,25.7,2.5,6.57,5417,4509,11032,4
Malang,Padi,2026-02-02,29.4,13.5,6.28,4967,4605,11252,5
Semarang,Cabai,2026-02-20,31.9,3.6,6.78,1332,854,31604,7
Malang,Cabai,2026-03-27,27.2,0.3,6.57,994,750,30682,5
Malang,Padi,2026-01-17,29.2,2.7,6.46,5091,3999,5473,4
Malang,Cabai,2026-02-09,24.0,0.0,7.0,789,1463,38612,4
Semarang,Padi,2026-02-12,28.0,8.9,6.02,4567,4803,12494,5
Semarang,Cabai,2026-01-09,27.8,9.3,6.53,1399,1078,35379,6
Malang,Padi,2026-01-11,28.9,2.0,6.8,4787,5137,17287,4
Semarang,Cabai,2026-04-22,31.1,0.1,6.66,999999,1327,33424,4
Malang,Padi,2026-03-23,29.4,0.9,6.68,5034,4330,8687,4
Malang,Padi,2026-03-04,31.7,11.6,6.55,5274,4543,10358,4
Malang,Cabai,2026-01-28,29.9,0.0,6.54,1505,1223,35425,7
Malang,Cabai,2026-03-06,28.6,1.2,6.47,554,1419,38654,7
Malang,Cabai,2026-04-29,31.2,5.7,6.22,1139,628,28132,7
Malang,Cabai,2026-03-04,28.8,3.3,6.78,1926,1179,29205,4
Semarang,Cabai,2026-03-06,,7.2,6.03,1100,1174,38022,4
Semarang,Padi,2026-03-10,31.4,5.6,6.8,5610,5011,11841,4
Semarang,Padi,2026-01-27,25.5,0.0,6.33,4866,4561,12403,5
Malang,Cabai,2026-02-11,28.1,0.0,6.53,995,655,33489,6
Malang,Padi,2026-04-26,,0.0,6.4,4797,4826,16184,5
Semarang,Cabai,2026-02-20,29.1,0.0,6.28,1223,1068,36745,4
Semarang,Cabai,2026-01-24,28.0,7.8,6.64,1256,580,29217,7
Semarang,Cabai,2026-02-06,27.6,7.3,6.59,1228,1665,40308,5
Malang,Cabai,2026-01-12,27.6,5.4,6.43,1590,1007,33392,7
Semarang,Padi,2026-04-06,25.2,4.6,7.15,4626,4274,16112,6
Malang,Padi,2026-04-25,31.1,6.1,6.49,5085,5208,15905,7
Malang,Cabai,2026-02-04,28.6,4.2,6.46,1340,1237,28604,5
Malang,Cabai,2026-04-29,29.0,3.1,6.72,1284,690,32844,5
Malang,Padi,2026-03-17,27.7,9.3,6.69,5153,5290,15717,4
Malang,Cabai,2026-01-13,30.6,8.8,6.74,1212,1140,36780,7
Malang,Cabai,2026-02-03,,1.3,6.36,956,683,33019,7
Malang,Cabai,2026-04-06,25.2,6.1,6.5,754,1263,39420,7
Semarang,Padi,2026-03-31,25.8,1.2,6.35,4718,5331,16677,4
Malang,Cabai,2026-02-08,30.3,0.0,6.51,1083,1544,34687,5
Malang,Cabai,2026-02-24,23.0,5.9,,1371,1083,32576,5
Semarang,Padi,2026-04-20,30.0,,6.71,5827,5156,9627,5
Semarang,Cabai,2026-01-31,27.6,3.0,6.4,1045,671,35372,6
Malang,Padi,2026-04-03,28.3,5.8,6.67,4739,4736,13377,4
Malang,Cabai,2026-01-09,28.0,9.4,6.55,1058,1340,36135,7
Semarang,Padi,2026-02-20,29.5,2.1,6.01,4959,5569,18902,5
Malang,Cabai,2026-03-26,30.9,11.2,6.52,1059,752,32832,6
Malang,Padi,2026-02-06,28.7,2.7,6.5,5180,4422,5617,5
Semarang,Padi,2026-04-09,28.0,4.3,6.41,5435,5130,13075,7
Malang,Cabai,2026-02-07,31.1,4.6,6.63,678,378,35135,7
Semarang,Cabai,2026-02-05,27.3,10.6,6.26,1492,639,32011,7
Malang,Padi,2026-04-17,27.9,4.2,6.51,4699,5296,15958,5
Malang,Cabai,2026-04-12,28.5,0.0,5.99,942,1965,41684,7
Malang,Cabai,2026-01-25,29.0,7.7,6.26,1334,1286,36196,7
Semarang,Padi,2026-03-17,30.3,8.0,6.43,4827,5040,18163,7
Malang,Padi,2026-01-12,29.3,5.3,6.53,5073,4910,16164,5
Malang,Padi,2026-04-14,28.8,0.0,6.46,5498,5008,12011,6
Semarang,Padi,2026-01-22,26.5,1.9,6.42,4904,5512,18155,4
Malang,Cabai,2026-03-18,30.0,10.7,6.82,695,675,32384,7
Semarang,Padi,2026-02-23,31.0,4.6,6.44,5045,4665,16279,5
Malang,Padi,2026-02-07,25.8,,6.9,5002,4923,12890,5
Semarang,Padi,2026-03-19,24.6,12.7,6.22,4920,4828,14717,5
Malang,Padi,2026-03-09,25.8,7.3,6.9,4591,5075,15096,5
Semarang,Padi,2026-04-18,29.9,5.1,6.37,5146,5721,16493,6
Semarang,Cabai,2026-02-12,27.1,7.4,6.8,1106,874,33838,5
Semarang,Cabai,2026-04-02,26.5,,6.68,864,811,35266,4
Malang,Cabai,2026-04-03,33.2,3.8,6.43,805,1297,37097,6
Malang,Padi,2026-03-30,27.7,11.6,6.78,4819,4253,13185,5
Malang,Padi,2026-04-03,25.1,9.5,6.26,5219,5005,11022,6
Malang,Cabai,2026-01-05,28.2,8.4,6.52,1175,1790,34946,6
Semarang,Padi,2026-04-25,27.2,0.0,6.46,5276,4948,15382,6
Semarang,Padi,2026-04-19,26.5,6.8,6.68,4873,3958,9822,7
Malang,Padi,2026-03-04,31.5,0.0,6.64,5357,4288,9294,6
Malang,Cabai,2026-04-05,29.7,2.6,6.36,1010,565,30603,6
Semarang,Cabai,2026-03-27,30.4,0.0,6.63,1138,309,29499,5
Malang,Cabai,2026-04-22,28.1,7.3,6.66,924,760,37024,4
Semarang,Cabai,2026-01-16,29.2,1.0,6.33,1156,1167,37858,6
Semarang,Padi,2026-03-27,30.3,0.0,6.71,4700,4846,15230,4
Malang,Cabai,2026-02-20,30.2,4.1,6.61,1266,871,36615,4
Malang,Cabai,2026-02-08,28.2,9.7,6.43,862,623,34713,4
Malang,Cabai,2026-03-17,27.6,14.4,6.12,1147,1516,30071,7
Semarang,Padi,2026-01-18,29.5,3.4,6.72,5108,5052,11922,4
Malang,Padi,2026-04-07,32.6,5.2,6.45,999999,5097,16858,7
Semarang,Cabai,2026-02-12,26.8,0.0,6.58,1242,740,34034,7
Malang,Cabai,2026-04-24,29.1,1.8,,669,1499,36119,4
Malang,Cabai,2026-01-28,27.6,4.2,6.36,1279,1725,35915,4
Malang,Padi,2026-04-04,30.1,4.2,6.78,5343,4525,10951,6
Semarang,Padi,2026-04-03,28.4,2.4,6.4,4499,4468,13999,5
Semarang,Cabai,2026-01-28,32.0,1.9,6.37,1510,556,26907,6
Malang,Padi,2026-04-08,25.5,4.4,6.69,4614,5035,16896,6
Malang,Cabai,2026-04-21,28.8,5.9,6.54,756,1599,41710,5
Malang,Padi,2026-01-22,31.4,10.1,6.19,5277,5262,10851,4
Semarang,Cabai,2026-03-24,28.6,6.4,6.83,1217,654,35575,4
Malang,Padi,2026-01-07,28.3,0.0,6.48,5149,4845,13320,7
Semarang,Padi,2026-02-07,27.3,4.3,6.56,5056,4357,9626,4
Malang,Cabai,2026-01-27,29.0,4.6,6.81,1387,1323,32733,7
Malang,Cabai,2026-04-27,29.7,7.8,6.36,738,1682,39118,5
Malang,Cabai,2026-01-16,29.8,7.3,6.22,1062,1566,38882,7
Malang,Padi,2026-01-08,28.6,1.9,6.53,5229,4312,9984,7
Malang,Padi,2026-02-06,31.2,8.2,6.93,4774,5332,14755,5
Semarang,Padi,2026-04-24,30.1,5.9,6.4,4467,4723,15288,5
Semarang,Padi,2026-04-02,29.5,3.1,6.85,4694,4720,13145,7
Malang,Cabai,2026-04-23,,0.0,6.53,1049,722,34024,4
Malang,Padi,2026-01-12,29.2,0.0,6.07,5159,5419,14366,4
Malang,Cabai,2026-02-15,26.7,0.0,6.64,1002,1425,32834,6
Malang,Padi,2026-02-10,29.8,9.2,6.53,5049,4844,16156,5
Malang,Cabai,2026-04-21,27.0,7.7,6.29,1223,1044,37594,5
Semarang,Cabai,2026-01-30,28.4,7.1,6.34,913,1042,32590,7
Malang,Padi,2026-02-08,28.7,2.0,6.35,4790,5045,16165,4
Malang,Cabai,2026-02-02,31.7,0.0,,1316,1000,30825,6
Malang,Padi,2026-01-01,30.1,16.1,6.55,4724,4865,13126,7
Semarang,Padi,2026-01-17,28.1,0.0,6.47,5053,3926,8884,4
Semarang,Cabai,2026-02-12,28.9,1.2,6.91,1287,561,33046,4
Semarang,Padi,2026-03-14,31.5,5.7,6.57,5101,4165,8946,4
Malang,Padi,2026-01-29,29.7,3.5,6.48,5307,4926,10698,7
Semarang,Cabai,2026-02-17,26.3,4.6,6.63,1139,1144,35093,5
Semarang,Cabai,2026-02-14,27.5,4.5,6.64,1446,645,33909,7
Semarang,Cabai,2026-04-05,30.3,0.0,6.46,998,1239,37541,6
Semarang,Cabai,2026-02-05,29.9,12.3,6.64,1236,1033,36805,4
Malang,Cabai,2026-03-24,31.8,8.5,6.41,856,1118,37236,4
Semarang,Cabai,2026-04-05,32.4,10.4,6.54,1282,586,32315,5
Malang,Cabai,2026-01-11,27.3,1.7,6.28,764,851,32623,7
Semarang,Padi,2026-01-11,27.2,12.6,6.6,5309,4736,12844,5
Malang,Cabai,2026-03-08,29.3,7.8,6.26,731,1238,35638,4
Malang,Padi,2026-01-07,30.7,0.0,6.61,5187,4721,12834,7
Semarang,Cabai,2026-03-25,27.0,0.0,6.57,530,1038,37013,5
Malang,Padi,2026-04-20,28.3,8.7,6.57,5094,5187,11393,7
Semarang,Padi,2026-01-27,30.5,8.1,6.3,4926,4984,14021,6
Semarang,Cabai,2026-01-30,31.2,0.0,6.62,1398,1154,35961,6
Malang,Padi,2026-03-10,29.5,10.2,6.53,5007,4859,16386,5
Malang,Cabai,2026-01-25,30.0,0.0,6.57,369,1250,41175,4
Semarang,Cabai,2026-02-01,32.9,2.5,6.29,1444,1785,36712,6
Malang,Cabai,2026-02-23,27.5,2.6,6.75,1505,1225,31840,5
Semarang,Cabai,2026-03-22,28.3,6.7,6.81,1256,1165,35471,5
Semarang,Cabai,2026-01-28,23.9,3.5,,654,1154,37091,5
Malang,Padi,2026-04-18,28.1,4.2,6.49,4864,5078,13553,7
Malang,Padi,2026-02-15,26.7,8.1,,4758,5358,15736,6
Malang,Padi,2026-02-06,29.5,9.1,6.49,5136,4793,11892,6
Semarang,Cabai,2026-01-17,28.6,1.3,6.46,535,803,35770,7
Malang,Cabai,2026-03-25,28.9,7.4,6.67,805,518,31480,5
Semarang,Padi,2026-01-10,27.5,0.0,6.41,5054,5238,13805,6
Semarang,Padi,2026-02-07,28.9,0.8,6.61,4464,4856,16562,5
Semarang,Padi,2026-04-20,29.2,4.5,6.56,4988,5618,15651,4
Semarang,Padi,2026-01-09,27.9,0.0,6.54,5006,4568,12988,6
Malang,Cabai,2026-02-08,32.0,6.8,5.99,1596,1298,37422,5
Malang,Padi,2026-03-12,29.4,3.7,6.57,4787,5173,10676,7
Malang,Cabai,2026-03-22,29.1,11.7,,1518,894,33885,7
Malang,Padi,2026-01-25,27.2,9.8,6.55,4934,3970,8671,7
Semarang,Padi,2026-02-07,29.1,7.2,6.43,4701,4787,16820,6
Semarang,Cabai,2026-02-28,29.8,7.3,6.6,706,727,33751,5
Semarang,Cabai,2026-01-22,30.3,11.8,6.38,1039,472,30949,7
Malang,Cabai,2026-01-15,27.7,0.4,6.53,1172,1296,37617,6
Semarang,Padi,2026-03-23,32.8,5.6,6.47,5182,4913,16360,6
Malang,Padi,2026-01-21,29.3,3.0,6.64,4661,5613,18404,4
Malang,Padi,2026-02-21,30.4,2.7,6.63,5227,4740,9317,7
Malang,Cabai,2026-03-19,,7.4,6.25,1138,1039,33217,6
Malang,Cabai,2026-02-01,31.3,5.9,6.21,682,827,38854,7
Malang,Cabai,2026-04-09,25.7,1.7,6.25,699,1047,35937,6
Malang,Padi,2026-01-19,27.8,0.4,6.78,5498,4122,7305,4
Malang,Padi,2026-02-27,32.9,2.6,6.09,5173,5555,15302,7
Malang,Padi,2026-04-14,30.7,2.7,6.57,5008,4969,15207,5
Semarang,Cabai,2026-01-09,30.6,0.1,6.32,621,1339,38379,6
Semarang,Padi,2026-04-28,31.4,8.9,6.59,5456,4620,13314,5
Malang,Cabai,2026-02-19,31.3,0.0,6.34,817,788,32741,4
Semarang,Cabai,2026-04-26,29.7,2.1,6.14,1081,235,30632,7
Malang,Padi,2026-01-25,30.8,5.5,6.75,4746,5217,16754,7
Malang,Padi,2026-04-14,30.5,6.4,6.17,4711,4950,15381,4
Malang,Cabai,2026-02-06,32.0,8.0,6.51,936,619,33569,5
Malang,Cabai,2026-03-13,29.7,4.2,6.12,741,834,39240,7
Malang,Cabai,2026-01-01,30.0,0.0,6.72,858,962,38171,4
Semarang,Padi,2026-03-03,27.8,10.2,6.2,4150,4819,18448,6
Semarang,Cabai,2026-01-15,28.2,10.8,6.13,883,1076,36863,4
Semarang,Padi,2026-02-16,24.0,,6.59,4705,5023,16483,5
Semarang,Cabai,2026-01-07,27.1,4.0,6.62,1047,765,34038,6
Semarang,Padi,2026-02-04,31.3,3.3,6.59,5359,4451,8041,4
Malang,Padi,2026-02-05,32.5,0.7,6.39,5061,4519,10498,6
Semarang,Padi,2026-01-16,28.8,2.4,6.2,5096,5701,17061,4
Malang,Cabai,2026-03-07,29.5,8.5,6.25,1510,1080,36113,4
Malang,Cabai,2026-02-08,30.6,7.8,,925,1480,38055,5
Semarang,Padi,2026-04-03,28.6,6.5,6.49,5365,4219,8557,7
Semarang,Padi,2026-04-30,28.8,7.1,6.33,5383,5416,15332,5
Malang,Padi,2026-01-22,27.6,9.3,6.83,5321,4708,11657,4
Malang,Cabai,2026-03-15,26.4,7.9,6.59,439,535,34913,4
Semarang,Padi,2026-04-21,29.8,6.3,6.46,4773,5419,20540,5
Semarang,Cabai,2026-03-16,30.0,3.2,6.47,1221,236,32711,4
Malang,Padi,2026-01-16,28.8,4.8,6.15,5448,5016,12726,6
Malang,Cabai,2026-03-20,29.9,3.7,6.67,361,960,36789,5
Malang,Cabai,2026-03-04,27.6,1.4,6.48,731,1336,37286,5
Malang,Padi,2026-01-14,23.2,3.1,6.29,4510,4505,14193,5
Malang,Padi,2026-02-06,27.8,7.3,6.41,4791,4538,9231,7
Semarang,Cabai,2026-02-23,28.8,2.9,6.31,1182,473,33007,5
Semarang,Padi,2026-04-21,27.0,1.2,6.21,4849,5390,17736,4
Semarang,Padi,2026-02-19,26.8,,6.34,5399,4521,11397,5
Malang,Padi,2026-01-09,30.8,14.1,6.42,5213,5912,16259,7
Semarang,Padi,2026-03-07,30.4,0.0,6.43,5131,5074,14565,4
Malang,Cabai,2026-03-26,27.1,1.6,6.35,1249,1360,36457,7
Malang,Padi,2026-01-27,32.3,12.6,6.65,5534,4337,6966,4
Semarang,Cabai,2026-01-10,26.9,8.8,6.77,1208,1113,32549,7
Semarang,Cabai,2026-01-27,27.3,11.2,6.66,988,832,30168,4
Semarang,Padi,2026-04-08,28.9,,6.64,5331,4976,15803,5
Malang,Cabai,2026-03-19,31.5,2.9,6.27,1096,977,34009,5
Semarang,Cabai,2026-01-18,29.5,3.4,6.68,1210,1349,34700,7
Semarang,Padi,2026-03-08,30.7,1.0,6.34,4887,4774,13292,7
Semarang,Cabai,2026-04-19,29.4,3.8,6.49,1238,195,29762,6
Semarang,Cabai,2026-04-14,27.0,0.0,6.62,428,1532,40973,6
Semarang,Padi,2026-02-14,28.1,0.0,6.34,4944,4214,9560,4
Malang,Cabai,2026-03-22,31.3,4.8,6.83,1235,1539,34990,4
Malang,Padi,2026-03-17,25.8,7.4,6.44,5398,5271,15558,4
Semarang,Padi,2026-02-21,31.9,4.8,6.35,4783,5495,22928,6
Semarang,Cabai,2026-02-12,30.8,1.2,6.7,1139,990,35137,6
Semarang,Cabai,2026-01-26,29.8,4.1,,1053,1629,34662,4
Semarang,Padi,2026-03-06,29.1,7.1,6.36,5348,5018,13743,4
Semarang,Padi,2026-01-13,30.5,10.1,6.74,4647,5570,17456,5
Semarang,Cabai,2026-04-02,29.4,0.1,6.48,1101,927,33141,7
Semarang,Padi,2026-02-04,24.9,1.6,6.31,4928,4914,15849,5
Malang,Cabai,2026-02-22,33.0,1.1,6.53,1153,1977,38035,4
Semarang,Padi,2026-04-01,27.3,3.2,6.28,4892,4663,14207,5
Semarang,Cabai,2026-03-12,31.0,6.3,6.13,1275,1073,36771,6
Malang,Cabai,2026-02-01,28.6,9.0,6.35,867,911,32921,7
Malang,Cabai,2026-02-08,31.4,6.6,6.49,750,1438,39307,5
Semarang,Cabai,2026-03-12,26.7,10.9,6.81,526,943,39899,5
Malang,Padi,2026-04-11,29.8,,6.19,5345,5144,10049,4
Malang,Padi,2026-02-21,28.6,3.7,6.82,4921,4894,11138,6
Semarang,Padi,2026-04-23,27.5,5.0,6.01,4546,4955,16287,7
Semarang,Cabai,2026-04-29,28.2,4.9,6.59,1128,724,34810,6
Semarang,Cabai,2026-02-08,31.9,0.0,6.33,1244,334,33290,5
Malang,Cabai,2026-01-19,28.3,7.9,6.48,582,1422,44701,6
Semarang,Cabai,2026-03-01,28.0,3.4,5.97,1405,1364,31328,7
Semarang,Cabai,2026-03-30,30.3,8.7,6.32,1149,1063,33835,4
Malang,Cabai,2026-01-18,30.9,0.0,6.73,781,1712,37644,7
Malang,Padi,2026-02-15,29.1,7.5,6.24,4988,5055,13279,5
Semarang,Padi,2026-04-29,28.3,1.2,6.44,5434,5586,17300,6
Malang,Cabai,2026-02-22,29.2,5.2,6.48,1527,1546,36584,5
Malang,Padi,2026-04-28,30.1,2.4,6.69,4723,5156,11585,7
Malang,Padi,2026-02-18,27.9,15.4,6.71,5460,4733,10572,7
Semarang,Cabai,2026-03-01,30.0,13.2,6.29,944,298,29579,6
Semarang,Cabai,2026-02-12,30.5,13.3,6.46,1155,1297,33267,6
Malang,Cabai,2026-02-14,27.9,8.6,6.38,989,583,35422,4
Malang,Cabai,2026-01-31,29.1,0.0,6.47,681,1235,37247,7
Malang,Padi,2026-02-10,27.9,0.1,6.67,4948,4874,13233,6
Semarang,Padi,2026-02-09,29.4,0.0,6.32,5413,4854,10101,4
Semarang,Cabai,2026-02-14,26.9,4.9,6.16,1245,1470,37094,4
Semarang,Padi,2026-04-25,27.3,0.0,6.42,4878,4797,16142,4
Malang,Cabai,2026-01-06,27.6,5.7,6.42,1119,1366,37733,4
Semarang,Padi,2026-03-01,25.8,12.4,6.42,5235,4588,8948,6
Malang,Cabai,2026-02-21,31.0,11.3,6.54,1042,666,34468,4
Semarang,Cabai,2026-04-22,28.2,4.2,6.42,591,1279,37952,4
Semarang,Cabai,2026-01-02,30.0,6.0,6.74,1144,918,32390,5
Malang,Cabai,2026-04-29,28.7,4.1,6.42,953,1770,36989,6
Semarang,Cabai,2026-02-27,28.3,2.7,6.71,573,1328,38866,7
Semarang,Cabai,2026-03-09,27.7,10.3,6.39,1122,1495,39622,5
Malang,Cabai,2026-03-30,28.5,7.3,6.43,1751,1312,32973,6
Malang,Padi,2026-02-03,29.9,3.8,6.42,4954,4544,13386,6
Malang,Padi,2026-04-08,29.0,4.3,6.55,4829,4842,15449,5
Malang,Cabai,2026-01-09,29.1,5.8,6.55,803,1589,41593,4
Semarang,Cabai,2026-01-27,30.1,9.9,6.26,1508,304,30389,4
Malang,Padi,2026-01-05,28.7,8.3,6.87,4915,4687,12012,5
Semarang,Padi,2026-03-19,28.0,4.0,6.68,4886,5303,14008,5
Malang,Cabai,2026-04-15,28.8,5.7,6.24,1032,943,32036,6
Malang,Padi,2026-01-25,28.6,4.5,6.7,5510,4344,4597,4
Semarang,Cabai,2026-04-11,30.0,10.3,6.26,305,1343,38533,4
Malang,Padi,2026-04-04,,4.4,6.41,999999,4851,10798,4
Semarang,Cabai,2026-04-17,27.6,7.6,6.56,1050,601,32391,7
Malang,Padi,2026-01-27,31.9,0.0,6.38,5098,5501,15118,4
Malang,Cabai,2026-02-12,29.2,15.2,6.56,993,1128,35652,7
Semarang,Padi,2026-03-06,28.5,9.6,6.42,5194,5455,15525,6
Semarang,Padi,2026-02-20,29.2,,6.44,4613,4640,10129,6
Semarang,Padi,2026-01-29,29.5,13.5,6.41,5289,5450,12406,6
Semarang,Padi,2026-01-22,27.0,10.0,6.48,4612,4745,15504,6
Malang,Padi,2026-02-09,28.4,3.8,6.5,5377,5021,12705,7
Malang,Padi,2026-02-15,33.3,0.0,6.31,5184,5501,15183,5
Semarang,Cabai,2026-03-25,27.4,6.7,6.76,867,751,33312,6
Semarang,Cabai,2026-01-07,30.8,10.3,6.51,1564,1012,34824,5
Malang,Padi,2026-03-19,32.1,4.4,6.79,999999,5621,10066,6
Malang,Padi,2026-02-01,29.9,6.1,6.55,5384,5215,13588,5
Malang,Padi,2026-04-08,30.0,14.3,6.41,4545,5028,16844,6
Semarang,Padi,2026-02-25,30.5,17.5,6.66,5293,4948,9504,5
Semarang,Cabai,2026-02-05,23.8,7.6,6.42,605,1052,35757,6
Semarang,Cabai,2026-04-11,27.6,3.8,6.54,577,1085,34677,7
Malang,Cabai,2026-01-02,26.1,2.1,6.39,1320,1069,31832,5
Semarang,Padi,2026-03-16,28.3,0.0,6.42,4933,5147,16284,7
Malang,Cabai,2026-03-23,29.4,4.2,7.04,1019,750,33875,4
Malang,Cabai,2026-01-15,29.8,3.4,6.49,737,562,35882,4
Semarang,Padi,2026-02-22,25.4,7.4,6.14,4801,5346,18040,5
Malang,Padi,2026-02-21,29.9,11.6,6.61,4394,4852,16206,5
Semarang,Padi,2026-02-27,26.9,17.0,6.42,5705,4543,9504,5
Semarang,Padi,2026-03-12,28.1,4.9,6.33,4923,4054,11078,5
Semarang,Padi,2026-01-30,33.5,8.4,6.73,5371,3899,7487,7
Semarang,Padi,2026-03-14,26.2,0.0,6.3,4906,5260,16637,5
Malang,Cabai,2026-01-12,30.6,7.2,6.16,778,1010,37626,4
Semarang,Padi,2026-01-22,25.9,10.1,6.55,4596,4458,14084,4
Malang,Cabai,2026-02-17,31.7,0.0,6.66,837,1329,38826,4
Malang,Cabai,2026-04-03,29.3,0.0,6.64,1150,1164,35461,4
Malang,Cabai,2026-01-14,30.8,0.0,6.76,1039,1051,34707,6
Malang,Cabai,2026-01-12,31.1,10.1,6.54,1266,666,33166,4
Malang,Cabai,2026-03-04,25.8,1.7,6.58,801,763,36336,7
Malang,Padi,2026-03-17,31.3,5.1,6.65,5185,4901,14303,4
Malang,Padi,2026-02-07,29.3,5.7,6.67,4866,4760,13807,6
Semarang,Padi,2026-03-13,27.0,2.4,6.43,4470,5599,19384,7
Malang,Padi,2026-04-06,30.4,2.3,6.53,4987,5579,16625,4
Semarang,Padi,2026-03-28,31.4,3.9,6.4,4525,4975,15145,5
Malang,Padi,2026-01-18,26.5,0.0,6.44,4755,5086,15001,6
Semarang,Padi,2026-03-31,29.6,10.1,6.29,5298,4708,15346,6
Semarang,Cabai,2026-02-23,27.1,4.0,6.54,619,574,33386,7
Malang,Padi,2026-03-17,29.5,7.0,6.73,5030,5426,15336,7
Semarang,Cabai,2026-02-09,30.5,8.2,6.53,631,1245,36347,4
Malang,Padi,2026-02-19,28.8,11.1,6.31,5503,5363,10370,7
Malang,Padi,2026-03-06,30.3,0.1,6.18,4902,5467,16439,4
Malang,Cabai,2026-01-16,29.8,7.2,,730,1002,35245,4
Semarang,Padi,2026-02-23,27.2,6.5,6.37,4132,5773,20056,6
Semarang,Cabai,2026-03-13,27.3,,6.35,806,946,34954,6
Semarang,Padi,2026-02-05,31.9,11.6,6.59,5198,5824,18272,5
Malang,Padi,2026-01-04,26.8,4.8,6.34,4700,4647,10887,7
Semarang,Cabai,2026-04-22,32.6,9.0,6.63,999999,1047,37541,7
Malang,Padi,2026-04-05,32.3,5.3,6.53,4411,4957,19028,5
Semarang,Cabai,2026-04-21,28.1,13.7,6.47,1096,1647,37445,4
Semarang,Padi,2026-04-24,27.5,4.8,6.06,5395,4900,12162,6
Semarang,Cabai,2026-03-25,25.3,5.6,6.73,970,619,32037,5
Semarang,Padi,2026-03-25,28.7,12.5,6.38,4853,5183,15300,4
Malang,Padi,2026-04-06,26.3,4.7,,5292,4611,12559,4
Semarang,Cabai,2026-02-18,28.8,0.0,6.24,1580,936,33653,4
Semarang,Padi,2026-04-18,30.8,3.7,6.44,5220,5270,14615,7
Semarang,Cabai,2026-04-26,25.5,3.1,6.17,1181,729,29596,4
Malang,Cabai,2026-02-11,27.4,5.7,6.46,648,318,33497,7
Semarang,Cabai,2026-04-08,28.7,7.2,6.67,1043,871,34189,6
Semarang,Cabai,2026-03-03,31.2,9.5,6.9,1684,529,28554,5
Malang,Cabai,2026-01-30,34.0,4.8,6.55,543,1060,41448,4
Malang,Padi,2026-03-23,31.6,2.0,6.42,4660,4659,10174,6
Semarang,Padi,2026-03-01,29.7,11.8,6.71,4835,4696,11862,4
Semarang,Cabai,2026-02-28,28.1,2.7,6.74,1013,1090,34470,6
Malang,Cabai,2026-04-03,28.4,0.0,6.54,1172,608,31589,6
Malang,Cabai,2026-03-14,30.5,3.5,6.49,1148,1116,30848,5
Malang,Cabai,2026-02-17,28.7,2.4,6.23,676,191,32372,5
Semarang,Padi,2026-01-12,32.0,5.4,6.94,5105,4821,15279,4
Malang,Cabai,2026-04-29,28.5,5.0,6.57,998,711,30510,6
Semarang,Padi,2026-02-19,25.6,1.3,6.54,5132,4392,10121,4
Semarang,Padi,2026-01-04,29.5,2.6,6.68,4760,4543,12972,5
Semarang,Padi,2026-02-28,26.1,0.0,6.72,4704,4466,11186,4
Semarang,Cabai,2026-03-09,26.8,7.5,6.63,617,752,34628,6
Semarang,Padi,2026-04-21,31.3,17.5,6.05,4722,5725,15413,6
Malang,Padi,2026-01-05,32.6,5.7,6.54,4616,4819,18509,6
Malang,Cabai,2026-03-12,29.8,4.0,6.57,745,969,34837,7
Malang,Cabai,2026-01-17,26.5,4.2,6.69,550,1241,37855,7
Malang,Cabai,2026-04-23,29.6,11.0,6.38,1629,789,30864,5
Semarang,Cabai,2026-02-06,25.5,2.3,6.28,1040,1397,38077,4
Semarang,Padi,2026-04-12,24.3,15.2,6.56,4767,5062,15827,7
Malang,Cabai,2026-04-04,27.8,3.0,6.36,570,1058,38610,6
Semarang,Padi,2026-02-17,29.6,2.3,6.67,4592,4639,12306,7
Malang,Cabai,2026-04-12,31.2,9.7,6.6,1321,648,32332,6
Semarang,Cabai,2026-01-01,28.7,9.2,6.48,884,1216,38412,7
Semarang,Cabai,2026-01-09,26.9,0.0,6.54,1182,1104,30710,4
Malang,Padi,2026-04-22,28.3,0.0,6.77,4674,5502,20031,7
Semarang,Padi,2026-01-05,29.7,0.8,6.52,4855,4287,6699,4
Semarang,Padi,2026-01-27,27.9,8.5,6.73,4918,4863,14725,4
Malang,Padi,2026-04-12,,8.4,6.11,4771,4648,13584,5
Semarang,Cabai,2026-04-28,28.0,2.5,6.73,1088,1507,37672,4
Malang,Cabai,2026-04-01,30.5,12.0,6.81,1156,577,33364,7
Malang,Cabai,2026-02-27,29.8,1.0,6.27,1139,1746,40521,5
Semarang,Padi,2026-03-23,30.3,,6.68,4589,5079,16288,7
Malang,Padi,2026-04-15,30.0,0.9,6.39,4803,5345,16686,4
Semarang,Cabai,2026-03-15,29.0,13.1,6.25,1202,1188,33164,6
Malang,Cabai,2026-03-31,28.0,0.0,6.55,986,587,30917,5
Semarang,Cabai,2026-03-12,29.6,4.1,6.6,911,1117,34544,4
Malang,Cabai,2026-02-01,28.9,7.4,6.53,1114,628,31388,7
Semarang,Padi,2026-02-05,31.7,3.2,6.27,5162,5538,13357,5
Semarang,Cabai,2026-04-10,31.1,12.3,6.69,966,1487,38114,5
Malang,Cabai,2026-01-02,31.2,11.0,6.28,1238,927,33721,6
Malang,Cabai,2026-03-23,32.0,0.0,6.16,420,1427,38488,5
Semarang,Padi,2026-02-12,29.3,4.4,6.32,5255,4949,11994,4
Malang,Cabai,2026-04-24,27.1,9.4,6.79,572,1111,37085,7
Malang,Padi,2026-01-03,32.3,0.0,6.45,5130,4725,10288,5
Malang,Padi,2026-02-21,29.0,9.3,6.42,5095,4797,10811,5
Semarang,Padi,2026-01-29,28.1,10.8,6.45,4801,5011,15258,4
Malang,Cabai,2026-04-13,28.3,4.1,6.65,1041,1491,37226,5
Semarang,Padi,2026-03-15,27.5,7.7,6.77,4586,4921,14453,6
Malang,Cabai,2026-01-03,31.7,4.5,6.77,905,1370,37782,4
Semarang,Padi,2026-01-11,26.7,14.2,6.35,4799,4649,15546,7
Semarang,Cabai,2026-04-21,28.5,10.2,6.39,1124,531,36582,7
Semarang,Padi,2026-01-29,32.3,2.1,6.83,4876,5268,14814,5
Semarang,Padi,2026-03-13,30.3,0.0,6.44,5360,5240,12609,4
Malang,Cabai,2026-04-07,26.1,4.7,6.21,1394,997,33371,4
Malang,Padi,2026-01-02,32.5,3.0,6.45,5791,4935,6971,4
Semarang,Padi,2026-03-19,29.7,4.3,6.94,5167,4570,11264,6
Semarang,Padi,2026-03-30,27.2,15.5,6.36,5206,4870,10003,4
Semarang,Cabai,2026-02-27,30.1,0.0,6.25,1287,630,32120,6
Malang,Padi,2026-03-17,26.5,8.7,6.69,5219,5413,18097,5
Semarang,Cabai,2026-02-10,26.7,1.1,6.68,1339,730,30467,5
Malang,Padi,2026-04-05,26.5,0.0,6.44,5081,5173,13442,4
Semarang,Cabai,2026-02-22,26.0,9.8,6.76,812,840,37626,5
Malang,Padi,2026-04-29,28.8,12.8,6.6,5164,5226,13199,5
Malang,Cabai,2026-03-26,29.3,0.0,6.87,1293,1015,33062,6
Semarang,Cabai,2026-04-11,24.9,15.6,6.34,999,1013,39063,7
Semarang,Padi,2026-02-10,29.8,0.2,6.53,4964,4566,12725,6
Malang,Padi,2026-04-04,29.4,1.7,6.65,4812,3760,8997,5
Malang,Padi,2026-03-29,33.0,15.1,6.47,4752,5233,15664,4
Semarang,Padi,2026-03-28,29.5,0.9,6.74,4823,5264,13675,5
Semarang,Cabai,2026-03-15,29.5,10.1,6.46,691,1198,35853,6
Malang,Padi,2026-03-20,31.7,5.1,6.5,5221,5020,14266,7
Semarang,Cabai,2026-02-22,22.4,0.9,6.74,989,864,36708,4
Semarang,Cabai,2026-02-23,26.0,7.1,6.49,1436,706,30730,5
Semarang,Cabai,2026-01-11,27.2,2.4,6.12,884,979,35202,5
Semarang,Padi,2026-01-12,31.1,0.0,6.26,4721,4995,12656,6
Semarang,Cabai,2026-03-07,29.4,2.1,6.49,518,1400,37487,4
Semarang,Cabai,2026-04-08,26.9,16.9,6.61,1288,1183,33570,6
Semarang,Cabai,2026-04-05,27.0,0.4,6.18,1034,1629,39091,6
Semarang,Padi,2026-03-23,22.9,2.9,,5040,4896,11541,6
Malang,Cabai,2026-04-22,32.0,8.4,6.54,715,570,35472,4
Semarang,Cabai,2026-01-26,31.0,0.0,6.78,1290,178,34146,5
Malang,Padi,2026-01-29,29.6,2.6,6.6,4706,5218,14973,7
Semarang,Cabai,2026-02-08,30.3,1.1,6.66,996,435,31717,6
Malang,Cabai,2026-02-27,28.2,0.0,6.33,578,261,34986,6
Malang,Cabai,2026-03-22,27.0,5.0,6.22,821,911,34700,7
Malang,Padi,2026-01-24,,9.9,6.67,4769,4987,16678,5
Semarang,Padi,2026-01-24,30.4,6.7,6.29,5240,5060,9617,6
Malang,Padi,2026-02-26,27.8,11.1,6.75,4885,4803,13327,4
Semarang,Padi,2026-01-04,28.6,2.0,5.76,5526,5000,11013,6
Semarang,Padi,2026-01-20,28.1,0.0,6.13,4593,4553,15101,5
Semarang,Cabai,2026-02-27,23.7,5.0,6.42,866,1382,37857,6
Semarang,Cabai,2026-04-14,28.5,0.5,6.49,1307,448,30880,5
Malang,Padi,2026-01-02,30.4,3.6,6.53,5132,4771,16176,5
Semarang,Padi,2026-02-24,30.2,11.5,6.71,5098,5554,16655,7
Malang,Cabai,2026-04-17,27.0,0.0,6.33,1021,1424,35303,5
Malang,Cabai,2026-02-22,31.0,0.0,6.32,1434,1019,32577,5
Semarang,Padi,2026-02-23,28.3,5.0,6.75,4498,5705,19785,4
Malang,Cabai,2026-03-01,29.5,0.0,6.39,925,1457,39696,4
Malang,Padi,2026-02-26,25.8,0.0,6.25,5336,5312,14646,4
Malang,Cabai,2026-01-11,26.1,1.4,6.33,950,908,32786,5
Semarang,Cabai,2026-01-30,27.5,6.5,6.72,1428,1196,34762,6
Semarang,Cabai,2026-03-16,26.9,9.6,6.44,1447,1235,33804,5
Malang,Cabai,2026-02-24,30.0,3.0,6.52,1268,454,32381,7
Malang,Cabai,2026-04-05,27.6,5.0,6.54,1221,1171,32270,5
Malang,Cabai,2026-03-18,30.2,13.2,6.71,1408,1123,34618,7
Malang,Padi,2026-04-19,30.5,2.4,6.88,4721,5324,19772,4
Semarang,Padi,2026-04-22,31.3,6.0,6.66,4967,5692,13390,5
Malang,Padi,2026-01-20,29.2,6.5,6.41,5006,4331,9188,7
Semarang,Cabai,2026-02-13,27.9,2.3,6.42,775,1107,37415,6
Semarang,Cabai,2026-04-06,30.1,3.4,6.42,738,644,34918,4
Semarang,Padi,2026-01-08,28.9,12.5,6.61,4766,4975,11698,4
Semarang,Padi,2026-01-20,27.0,5.7,6.52,4679,5382,22164,6
Semarang,Padi,2026-02-02,,1.4,6.14,4788,4443,15683,5
Semarang,Padi,2026-04-23,30.8,0.0,6.35,5020,5411,16958,5
Semarang,Cabai,2026-04-15,29.8,6.0,6.29,1013,570,32947,6
Malang,Padi,2026-02-22,28.9,0.0,6.47,5155,5669,15391,7
Malang,Padi,2026-03-12,26.2,2.8,6.45,4979,5275,14112,5
Malang,Cabai,2026-03-12,28.5,4.9,6.53,1029,1174,37412,6
Semarang,Padi,2026-04-07,29.8,7.3,6.18,5015,5191,16337,6
Malang,Cabai,2026-02-03,27.6,1.7,6.39,1160,1413,35450,5
Malang,Padi,2026-03-16,28.8,3.9,6.65,5097,5910,16360,5
Semarang,Cabai,2026-02-26,27.3,4.9,6.53,1875,926,27994,4
Malang,Cabai,2026-04-11,28.8,5.1,6.66,1292,798,32228,4
Semarang,Cabai,2026-01-26,27.5,0.0,6.56,617,834,34094,7
Malang,Cabai,2026-04-28,26.4,0.0,6.48,1004,1087,34522,7
Semarang,Padi,2026-01-29,31.1,0.0,6.43,5064,4632,15302,6
Malang,Cabai,2026-01-05,30.1,2.0,6.13,871,1411,37026,5
Malang,Padi,2026-03-04,28.3,2.4,6.53,5231,5952,19259,7
Semarang,Cabai,2026-02-26,26.9,5.3,6.52,676,929,37063,6
Malang,Padi,2026-04-19,29.3,2.9,6.91,5115,4375,13941,7
Malang,Padi,2026-02-17,33.3,6.7,6.64,5219,4917,11345,5
Malang,Cabai,2026-01-11,29.4,11.6,6.48,773,423,34546,5
Semarang,Padi,2026-04-12,30.0,0.0,6.39,5080,4308,10103,7
Semarang,Padi,2026-02-16,28.7,9.7,6.44,4591,4405,9251,7
Semarang,Cabai,2026-01-26,29.9,13.4,6.73,844,1506,37352,4
Semarang,Padi,2026-01-12,27.7,7.3,6.43,4739,4757,15558,7
Semarang,Cabai,2026-02-24,29.7,9.8,6.57,516,1845,42395,4
Malang,Cabai,2026-02-04,31.2,0.0,6.62,376,1270,37310,5
Semarang,Padi,2026-02-11,30.6,11.1,,4842,5239,12535,6
Malang,Padi,2026-04-01,28.2,0.0,6.9,5168,5305,12724,7
Semarang,Cabai,2026-02-08,27.4,4.2,6.2,895,1389,35976,4
Malang,Cabai,2026-04-28,32.8,0.0,6.45,803,927,38362,5
Malang,Cabai,2026-03-15,27.0,2.7,6.63,1027,1070,33284,4
Malang,Cabai,2026-01-10,25.8,1.5,6.14,1161,1490,36278,6
Semarang,Cabai,2026-01-09,27.0,0.1,6.44,909,1364,35937,4
Semarang,Padi,2026-02-05,29.9,3.5,6.35,4900,5134,16999,5
Semarang,Padi,2026-02-20,31.0,0.5,6.55,4992,4936,12746,6
Malang,Cabai,2026-01-15,31.3,0.4,6.58,1106,1509,37410,5
Semarang,Cabai,2026-03-18,28.3,0.0,6.37,912,724,34143,6
Semarang,Padi,2026-04-06,24.2,0.0,6.63,5241,4264,7485,6
Semarang,Cabai,2026-03-11,28.8,12.2,6.43,848,937,39151,5
Semarang,Cabai,2026-03-15,28.0,7.7,6.63,678,1274,37677,4
Malang,Cabai,2026-02-13,28.2,0.0,6.28,1113,857,31120,7
Malang,Cabai,2026-03-11,31.2,0.0,6.59,924,748,34513,5
Malang,Cabai,2026-01-31,29.1,0.9,6.33,527,1122,35467,7
Malang,Cabai,2026-02-10,29.4,1.4,6.68,877,466,32377,7
Semarang,Padi,2026-01-28,29.1,1.0,6.49,5368,5057,16708,4
Semarang,Padi,2026-04-21,28.8,13.2,6.53,5422,5801,15486,7
Semarang,Padi,2026-04-05,30.5,8.8,6.23,4745,4801,16708,5
Malang,Padi,2026-02-06,26.5,12.6,6.66,5346,4628,10554,5
Semarang,Padi,2026-04-22,29.6,3.6,6.53,5310,4533,13209,4
Malang,Padi,2026-01-26,27.7,3.6,6.29,4938,4985,15554,5
Semarang,Cabai,2026-03-07,25.1,4.9,6.56,1074,869,34224,7
Malang,Cabai,2026-01-24,28.3,2.5,6.47,1491,926,32135,7
Semarang,Padi,2026-03-19,32.9,7.3,6.52,5011,4046,10665,6
Semarang,Cabai,2026-03-23,27.6,3.1,6.42,1306,848,36875,7
Semarang,Padi,2026-03-05,28.7,1.7,6.06,5479,5281,14076,5
Semarang,Cabai,2026-03-24,29.3,0.0,6.4,1252,579,26571,7
Semarang,Padi,2026-04-19,28.5,4.3,6.53,5218,5255,14702,4
Malang,Cabai,2026-03-06,30.0,8.1,6.25,549,701,34436,6
Malang,Padi,2026-02-10,27.3,1.9,6.72,5003,4928,13404,6
Semarang,Padi,2026-03-22,31.6,6.1,6.47,5750,4577,7427,7
Malang,Padi,2026-04-10,32.4,13.3,6.74,4940,4853,10222,4
Malang,Padi,2026-01-25,28.0,11.6,6.31,5121,4930,14322,7
Semarang,Cabai,2026-01-14,28.9,0.0,6.52,1314,988,34920,5
Semarang,Padi,2026-01-16,27.8,8.7,6.51,5207,5435,16523,7
Malang,Cabai,2026-01-15,29.0,2.3,6.43,887,608,29690,7
Semarang,Cabai,2026-04-27,26.3,5.1,6.88,1306,1657,37537,6
Semarang,Padi,2026-04-26,27.7,0.0,6.74,5462,4778,10072,7
Malang,Padi,2026-01-28,27.8,4.7,6.28,4649,5180,18635,6
Malang,Padi,2026-04-14,28.7,0.0,6.57,5620,4902,10054,6
Malang,Cabai,2026-02-21,27.7,10.1,6.37,1102,981,37505,5
Semarang,Cabai,2026-02-27,29.2,4.1,6.49,768,1212,35839,5
Semarang,Padi,2026-03-11,32.2,5.8,6.67,5222,4847,16340,6
Semarang,Padi,2026-04-06,31.9,12.1,6.5,5297,4910,11087,6
Malang,Padi,2026-04-05,30.7,2.2,6.55,5795,5458,10512,4
Malang,Padi,2026-04-08,23.2,4.9,6.81,5419,5150,11571,5
Semarang,Cabai,2026-01-13,28.0,10.3,6.39,1338,763,36241,7
Semarang,Cabai,2026-01-17,28.7,0.0,5.99,407,883,36846,5
Semarang,Padi,2026-04-09,29.6,2.7,6.64,5178,4869,13521,4
Malang,Cabai,2026-01-08,30.8,0.5,6.68,1097,966,30591,6
Malang,Cabai,2026-01-31,30.3,4.4,6.45,1057,1010,34231,6
Semarang,Cabai,2026-01-11,30.0,5.2,6.62,872,1889,43056,7
Semarang,Cabai,2026-03-21,30.2,3.3,6.3,891,652,34818,4
Malang,Padi,2026-01-24,32.2,9.1,7.05,4533,4797,13433,4
Malang,Cabai,2026-02-19,29.4,8.2,6.21,813,1398,36828,5
Malang,Padi,2026-02-25,28.4,5.8,6.49,4815,5375,16541,5
Semarang,Padi,2026-04-08,29.4,2.2,6.8,4882,5029,16804,4
Semarang,Cabai,2026-02-18,25.1,8.4,6.51,1162,1073,33436,5
Semarang,Cabai,2026-02-18,26.4,11.5,6.21,1270,1594,34407,7
Semarang,Padi,2026-01-03,28.7,14.2,6.28,4908,5601,16819,6
Malang,Padi,2026-04-12,27.1,6.3,6.66,4882,5221,12941,7
Malang,Cabai,2026-04-04,30.2,8.8,6.26,1217,1066,32486,7
Malang,Cabai,2026-04-19,31.6,5.2,6.31,439,1611,42943,7
Malang,Cabai,2026-02-06,29.4,2.3,6.61,751,601,35793,7
Malang,Padi,2026-04-10,26.5,2.8,6.36,5142,5019,15714,7
Semarang,Cabai,2026-01-02,25.2,5.9,6.16,802,711,33528,5
Semarang,Cabai,2026-01-19,,10.7,6.81,1003,1108,37846,5
Malang,Cabai,2026-02-02,31.6,0.6,6.78,1617,1311,34659,4
Malang,Padi,2026-01-06,26.8,10.3,6.29,5110,5188,7797,6
Semarang,Cabai,2026-02-05,24.8,4.7,6.11,731,228,32804,7
Semarang,Cabai,2026-02-21,27.1,2.0,6.55,730,468,33211,7
Malang,Padi,2026-02-20,31.6,18.0,6.57,5193,4760,10760,5
Malang,Cabai,2026-04-18,29.1,11.1,6.45,1450,1229,34805,4
Malang,Padi,2026-01-21,28.1,7.3,6.48,5290,4987,16560,4
Malang,Cabai,2026-03-01,29.7,10.4,6.71,1050,1135,36106,6
Malang,Cabai,2026-01-29,26.5,0.0,,904,1318,37964,7
Semarang,Cabai,2026-04-05,29.1,4.7,6.54,870,1209,36001,7
Malang,Padi,2026-03-08,29.9,9.0,6.39,4768,5190,13467,4
Malang,Cabai,2026-04-02,28.8,7.7,6.6,1001,1351,35405,5
Semarang,Cabai,2026-01-04,30.0,3.4,6.24,1076,986,31464,7
Malang,Padi,2026-03-28,24.8,4.2,6.82,5096,4732,14343,5
Malang,Padi,2026-02-20,30.4,9.4,6.65,4856,4345,10402,4
Malang,Cabai,2026-02-16,28.7,0.0,6.39,997,1197,35082,4
Malang,Cabai,2026-03-30,29.7,7.2,6.81,848,980,36762,4
Semarang,Padi,2026-04-04,27.3,6.1,6.5,5833,5039,12343,4
Malang,Cabai,2026-04-07,25.9,,6.75,1086,1031,34156,6
Malang,Cabai,2026-02-24,25.8,0.0,6.39,1232,821,33456,7
Semarang,Padi,2026-01-14,26.9,10.3,6.22,4865,4991,16150,6
Semarang,Cabai,2026-04-22,31.8,0.9,6.74,1305,41,28239,7
Semarang,Cabai,2026-02-02,30.0,8.8,6.69,633,1122,34971,4
Malang,Padi,2026-02-26,29.9,7.8,6.54,5071,4367,12068,7
Malang,Padi,2026-02-07,27.9,4.8,6.41,5043,5229,12912,7
Malang,Cabai,2026-04-09,31.6,0.0,6.3,892,629,33236,6
Semarang,Cabai,2026-01-17,31.0,5.4,6.53,682,946,35476,4
Malang,Padi,2026-03-22,26.1,5.3,6.67,4491,5328,19819,7
Malang,Cabai,2026-04-05,33.4,3.2,6.52,875,1000,38690,4
Semarang,Cabai,2026-01-19,31.8,10.1,6.43,1256,1136,37400,5
Semarang,Cabai,2026-03-23,34.3,8.0,6.51,1216,853,37960,4
Semarang,Cabai,2026-03-23,27.3,10.5,6.67,850,1230,33882,6
Malang,Cabai,2026-04-17,32.4,1.1,6.24,731,465,36343,7
Malang,Padi,2026-03-24,32.1,6.6,6.74,5040,4961,12938,7
Semarang,Padi,2026-03-15,29.5,,6.65,5028,4934,11787,6
Malang,Cabai,2026-03-01,26.7,5.4,6.55,784,764,35361,7
Semarang,Cabai,2026-02-25,27.2,10.3,6.97,741,1213,35906,5
Semarang,Cabai,2026-02-05,30.0,0.6,6.46,690,1328,36516,5
Malang,Cabai,2026-01-18,28.8,5.7,6.35,1063,1612,36188,4
Malang,Cabai,2026-02-19,27.4,0.0,6.56,835,1747,39629,4
Malang,Padi,2026-01-05,31.2,2.1,6.51,5286,4806,11508,4
Semarang,Padi,2026-02-16,29.0,8.4,6.62,4933,5025,13716,6
Malang,Padi,2026-02-02,32.8,0.6,6.35,4738,5289,17651,7
Malang,Cabai,2026-01-26,28.7,0.4,,530,1057,39378,7
Semarang,Cabai,2026-04-08,32.2,1.9,6.73,953,935,35786,4
Semarang,Cabai,2026-02-17,28.2,0.0,6.57,921,937,32659,4
Semarang,Padi,2026-03-05,30.9,3.5,6.15,5585,4975,9452,6
Malang,Padi,2026-02-20,26.4,8.7,6.51,5376,5083,10396,6
Malang,Padi,2026-04-15,28.5,9.8,6.12,5431,4539,8630,5
Semarang,Padi,2026-03-14,29.2,9.9,6.91,5174,5631,13860,7
Semarang,Padi,2026-01-26,33.3,0.0,6.4,5168,4357,8090,7
Semarang,Padi,2026-04-23,31.8,5.1,6.41,4134,5186,20840,4
Semarang,Cabai,2026-01-21,29.4,9.8,6.36,737,817,37968,6
Semarang,Cabai,2026-02-25,31.0,0.0,6.66,664,1706,38081,7
Malang,Padi,2026-04-28,30.3,2.8,6.57,5148,5157,13235,4
Malang,Cabai,2026-04-30,28.9,2.4,6.44,757,1033,35178,5
Malang,Cabai,2026-02-18,30.3,10.6,6.3,855,1092,35180,5
Malang,Padi,2026-03-21,30.9,7.5,6.43,5222,4963,10541,4
Semarang,Cabai,2026-02-24,30.8,4.1,6.26,1017,1045,35511,5
Malang,Cabai,2026-02-23,27.8,1.9,6.29,1209,1579,36219,6
Malang,Cabai,2026-03-02,30.0,7.2,6.26,999999,628,29856,4
Semarang,Padi,2026-01-03,28.6,0.0,6.69,5338,4221,10371,7
Semarang,Cabai,2026-01-02,28.9,5.1,6.46,1363,504,31920,5
Semarang,Cabai,2026-03-13,33.6,2.4,6.69,968,1493,37609,7
Semarang,Cabai,2026-04-15,28.0,0.0,6.4,1185,1556,37077,7
Semarang,Padi,2026-04-25,28.1,3.6,6.48,5025,5276,14365,5
Malang,Padi,2026-01-07,27.1,4.4,6.47,4950,5012,14461,4
Semarang,Cabai,2026-02-20,26.7,1.4,7.06,688,458,35318,5
Malang,Cabai,2026-01-21,24.8,3.8,6.93,536,207,30356,5
Semarang,Cabai,2026-03-04,28.0,8.4,6.78,1536,901,27222,6
Malang,Cabai,2026-03-01,28.5,4.1,6.72,1382,931,34941,5
Malang,Padi,2026-01-26,30.8,5.4,6.91,4568,4793,14871,7
Semarang,Cabai,2026-01-10,29.0,0.0,6.67,1226,223,29977,6
Semarang,Cabai,2026-04-20,25.8,1.7,6.32,1242,1046,31448,5
Malang,Cabai,2026-03-26,29.7,0.9,6.43,1151,1208,37958,4
Semarang,Cabai,2026-02-21,28.1,5.9,6.59,970,278,32202,5
Malang,Padi,2026-03-02,26.4,,6.6,4931,4545,10426,6
Semarang,Cabai,2026-01-04,27.9,7.5,6.34,1450,1541,34521,4
Malang,Padi,2026-03-30,27.7,0.0,6.2,4598,5054,15627,6
Malang,Cabai,2026-03-06,30.0,7.6,6.12,961,446,34228,7
Malang,Cabai,2026-04-17,27.5,2.7,6.05,1100,890,35890,4
Semarang,Padi,2026-03-31,26.0,0.0,6.26,5298,4720,11358,5
Malang,Cabai,2026-02-02,28.7,8.0,6.26,1242,660,31124,7
Malang,Padi,2026-03-21,29.1,3.4,6.53,4285,4268,15146,7
Malang,Padi,2026-03-02,28.5,6.5,6.64,4391,4645,14604,5
Malang,Padi,2026-02-21,28.5,0.0,6.58,5396,5043,10421,6
Semarang,Cabai,2026-03-03,26.9,6.9,6.7,1354,973,32378,5
Malang,Cabai,2026-01-03,29.9,0.0,6.71,922,1507,38907,7
Semarang,Cabai,2026-02-28,26.6,,6.81,1264,695,31542,6
Malang,Padi,2026-04-03,32.4,5.7,5.96,5101,4860,12645,4
Semarang,Cabai,2026-01-07,28.3,9.0,6.72,1084,864,33817,4
Semarang,Cabai,2026-03-26,30.2,7.3,6.81,1376,725,33385,7
Semarang,Cabai,2026-01-05,28.0,0.0,6.56,197,299,35155,4
Semarang,Padi,2026-03-08,25.8,0.9,6.58,5174,4993,15408,6
Malang,Padi,2026-01-24,28.4,0.0,6.48,5333,5274,16509,5
Malang,Cabai,2026-02-11,28.6,12.4,6.5,1212,1590,36503,6
Semarang,Padi,2026-02-14,28.7,0.0,6.93,4859,5063,17332,7
Semarang,Padi,2026-01-19,29.5,0.0,6.44,5073,4892,10008,4
Semarang,Padi,2026-04-02,31.9,3.7,6.32,5080,4913,10809,5
Malang,Cabai,2026-03-23,25.3,11.6,6.4,817,293,35861,5
Malang,Cabai,2026-03-29,30.8,7.1,6.49,489,676,36310,6
Malang,Padi,2026-01-24,30.4,9.8,6.25,5658,5306,12236,4
Malang,Padi,2026-01-14,26.1,3.9,6.02,5057,5146,14366,6
Malang,Cabai,2026-04-01,29.7,12.3,6.38,1132,372,32114,7
Semarang,Cabai,2026-03-11,28.2,1.2,6.35,881,1152,33730,7
Malang,Padi,2026-02-01,28.2,4.8,6.28,5538,4658,8261,4
Semarang,Cabai,2026-04-16,30.1,0.3,6.72,1060,1102,34521,6
Malang,Padi,2026-02-18,27.9,14.1,6.25,5460,4955,12073,6
Malang,Cabai,2026-02-09,30.7,1.8,6.67,187,712,35776,7
Semarang,Cabai,2026-03-05,29.8,8.5,6.55,800,1147,36983,5
Malang,Cabai,2026-01-09,25.5,1.2,6.52,1020,612,30492,7
Malang,Cabai,2026-01-07,33.3,,6.54,1166,1406,37551,4
Malang,Padi,2026-01-22,28.7,10.0,6.45,4668,4310,11967,6
Malang,Cabai,2026-02-20,31.9,4.7,6.35,1092,1768,38138,6
Semarang,Cabai,2026-01-31,29.7,5.5,6.46,757,1605,35563,5
Malang,Padi,2026-03-02,30.7,11.2,6.45,5057,5111,16376,7
Semarang,Padi,2026-02-21,29.9,6.9,6.48,5112,5008,13795,5
Malang,Padi,2026-01-27,30.6,0.0,6.59,4975,5412,17482,6
Malang,Cabai,2026-02-11,25.0,4.3,6.25,934,744,32296,5
Malang,Padi,2026-02-12,31.4,0.0,6.31,4790,4807,12331,7
Semarang,Cabai,2026-02-18,28.3,6.5,6.63,1186,236,31010,7
Malang,Padi,2026-01-04,32.3,10.4,6.46,4821,5660,18156,5
Semarang,Padi,2026-04-18,33.6,3.9,6.5,4750,4844,12407,6
Malang,Cabai,2026-01-01,30.8,5.8,6.55,984,1028,38458,5
Malang,Cabai,2026-01-01,29.5,10.7,6.59,1146,496,30132,7
Malang,Padi,2026-04-21,29.8,3.7,6.58,5010,5096,17106,6
Semarang,Cabai,2026-01-15,28.4,9.1,6.25,448,1842,45642,4
Semarang,Padi,2026-02-06,29.3,8.6,6.85,4681,4596,13572,4
Malang,Padi,2026-03-05,28.5,9.3,6.5,5187,5192,11971,5
Semarang,Cabai,2026-01-28,29.1,0.0,6.4,1015,999,32338,6
Semarang,Cabai,2026-01-28,30.7,4.0,6.45,1279,691,35514,5
Semarang,Cabai,2026-04-11,30.1,17.1,6.28,299,1499,38057,5
Malang,Cabai,2026-03-27,29.8,6.2,6.58,1251,1234,32481,7
Semarang,Padi,2026-02-17,30.9,4.1,6.52,5362,5281,14297,4
Semarang,Cabai,2026-03-29,27.4,8.6,6.7,909,733,37232,7
Semarang,Padi,2026-03-01,26.7,3.8,6.51,5419,3888,4278,6
Semarang,Cabai,2026-03-26,27.4,2.5,6.31,768,1545,40113,4
Malang,Cabai,2026-02-16,31.0,9.2,6.62,803,823,37216,6
Semarang,Padi,2026-04-30,27.9,12.8,6.39,5098,4753,13801,7
Semarang,Cabai,2026-01-22,29.5,0.0,6.39,996,1738,39345,7
Semarang,Cabai,2026-03-14,30.8,1.2,6.72,843,633,32967,4
Malang,Cabai,2026-01-08,28.8,4.7,6.55,973,1931,40126,7
Semarang,Padi,2026-04-22,29.0,2.8,6.25,4982,4982,17191,5
Semarang,Cabai,2026-02-19,32.2,6.6,6.32,785,514,33799,7
Malang,Cabai,2026-03-21,26.0,9.3,6.53,921,833,30718,6
Malang,Padi,2026-03-27,27.5,7.1,6.14,4603,5487,18664,4
Semarang,Cabai,2026-03-17,30.3,10.6,6.28,692,1243,39035,4
Semarang,Cabai,2026-02-03,28.6,5.1,6.51,592,1016,35685,4
Malang,Cabai,2026-01-09,28.8,9.0,6.33,1070,372,30960,5
Semarang,Padi,2026-04-28,30.1,9.0,6.41,5148,5747,16060,5
Malang,Cabai,2026-03-18,28.5,4.1,6.52,1246,1161,33625,6
Malang,Cabai,2026-01-13,24.8,8.4,6.11,590,839,33816,6
Malang,Padi,2026-02-01,30.6,0.0,6.37,5001,5017,15468,7
Malang,Padi,2026-01-13,30.0,0.0,6.58,5229,4466,9554,7
Semarang,Padi,2026-04-16,32.0,8.3,6.59,5297,5721,16157,5
Malang,Padi,2026-01-06,28.2,9.9,6.46,4721,4783,14934,5
Semarang,Padi,2026-02-21,25.9,0.3,6.04,4765,5306,15877,5
Malang,Cabai,2026-01-13,29.9,0.0,6.66,833,1004,35669,4
Malang,Padi,2026-04-08,30.9,7.0,6.71,5097,5057,10347,4
Malang,Padi,2026-02-22,32.9,8.4,6.81,5179,4715,11914,4
Semarang,Cabai,2026-01-15,28.2,4.0,6.82,375,1482,38661,6
Semarang,Padi,2026-02-14,30.5,11.3,6.66,5617,5223,11717,5
Malang,Cabai,2026-02-04,27.4,1.7,6.44,368,1055,34662,4
Malang,Cabai,2026-02-09,,9.3,6.4,1503,415,31942,4
Malang,Padi,2026-03-14,34.4,4.7,6.32,4577,4911,15415,6
Semarang,Cabai,2026-04-04,29.2,3.5,6.63,883,226,31416,5
Malang,Cabai,2026-04-08,27.0,5.8,6.76,715,1424,37678,7
Semarang,Cabai,2026-02-19,27.3,8.4,6.41,747,808,35215,5
Malang,Padi,2026-04-02,29.0,8.1,6.54,5392,4970,11520,6
Malang,Cabai,2026-04-27,28.2,7.6,6.37,816,788,37566,7
Semarang,Cabai,2026-03-11,29.1,0.0,6.56,1142,1235,30161,7
Semarang,Cabai,2026-02-03,30.4,8.7,6.32,1198,845,29092,5
Malang,Cabai,2026-02-16,27.3,3.0,6.55,999999,1219,33506,7
Semarang,Padi,2026-01-21,32.8,4.4,6.72,5011,4806,12481,6
Semarang,Padi,2026-02-03,31.7,6.8,6.74,4710,4834,13171,4
Malang,Cabai,2026-03-11,30.5,0.3,6.51,1206,173,34078,4
Malang,Padi,2026-03-29,29.3,5.2,6.48,5297,5298,14600,4
Semarang,Cabai,2026-01-11,32.6,0.0,6.53,1019,1325,34842,6
Semarang,Padi,2026-01-10,29.6,12.4,6.25,5346,5946,16244,7
Semarang,Padi,2026-04-16,29.0,7.8,6.38,5466,4554,5961,4
Semarang,Padi,2026-04-13,28.6,20.6,6.5,4663,4977,15468,5
Malang,Cabai,2026-03-30,26.9,13.4,6.55,1218,748,35222,7
Malang,Cabai,2026-02-11,28.5,6.4,6.31,700,1275,36987,7
Semarang,Cabai,2026-01-17,27.3,1.8,6.64,811,952,35735,4
Malang,Cabai,2026-04-15,29.7,1.3,6.71,1290,1287,38624,6
Malang,Cabai,2026-02-05,27.8,17.3,6.9,1003,1154,38473,4
Semarang,Cabai,2026-02-02,28.7,1.7,6.67,1023,1073,33581,4
Malang,Padi,2026-02-05,30.8,3.9,6.79,4788,4578,12815,7
Malang,Padi,2026-03-08,27.5,11.8,6.89,4988,5499,14442,6
Malang,Padi,2026-01-28,30.7,4.9,5.91,4807,4749,11753,7
Semarang,Padi,2026-01-23,27.4,0.0,6.36,5336,4735,9965,4
Semarang,Padi,2026-04-26,29.9,0.0,6.7,5430,4579,7800,7
Semarang,Padi,2026-02-19,29.4,0.0,6.28,5461,4628,12321,7
Semarang,Padi,2026-01-17,30.3,4.4,6.41,5073,5189,15995,5
Semarang,Padi,2026-02-25,26.2,2.6,7.09,5217,5947,20440,6
Semarang,Cabai,2026-03-10,29.5,6.5,6.49,478,1007,40066,4
Semarang,Padi,2026-01-26,31.1,4.9,6.2,4798,5523,15750,4
Malang,Padi,2026-02-21,28.7,17.6,6.24,4777,4990,19896,4
Semarang,Cabai,2026-04-01,28.3,6.8,6.45,1208,1309,35036,6
Malang,Padi,2026-02-26,31.8,0.9,6.57,4638,4584,16330,7
Malang,Cabai,2026-03-30,24.4,2.2,6.62,565,858,37998,5
Semarang,Cabai,2026-04-22,26.0,6.7,6.39,1263,1048,37686,6
Semarang,Padi,2026-01-08,27.4,8.0,6.52,4702,4937,15321,7
Malang,Padi,2026-04-21,27.8,8.6,6.29,5627,5381,13467,7
Malang,Padi,2026-01-08,34.7,3.5,6.62,5066,5318,18252,6
Semarang,Cabai,2026-03-13,30.1,10.2,6.39,938,1655,39778,4
Malang,Padi,2026-03-27,30.9,1.1,6.28,999999,4039,10247,6
Malang,Cabai,2026-01-28,28.5,4.4,6.34,1055,900,34449,4
Semarang,Cabai,2026-01-29,29.6,8.9,6.4,1118,1207,32877,7
Malang,Cabai,2026-01-30,31.0,15.3,6.48,948,914,36071,4
Malang,Padi,2026-03-22,30.0,0.0,6.33,5152,4941,10612,5
Semarang,Cabai,2026-03-19,29.1,4.1,6.28,1055,1156,34569,7
Semarang,Padi,2026-01-22,25.0,0.8,6.54,4841,4783,15513,4
Malang,Padi,2026-04-16,27.7,14.9,6.15,4336,5351,17107,4
Semarang,Cabai,2026-04-19,27.9,0.0,6.64,1104,855,35000,4
Semarang,Cabai,2026-03-08,30.7,0.0,6.5,316,950,37424,5
Semarang,Cabai,2026-03-10,26.3,7.0,6.49,763,681,35044,5
Semarang,Padi,2026-01-12,30.3,5.3,6.52,4850,4827,12300,4
Malang,Cabai,2026-03-16,30.4,0.0,6.32,786,974,32573,6
Malang,Padi,2026-04-01,27.2,0.0,6.58,4991,4814,10988,5
Malang,Padi,2026-02-21,31.0,3.0,6.2,4385,5504,20828,6
Semarang,Cabai,2026-04-03,27.9,0.0,6.41,363,705,36088,6
Malang,Padi,2026-03-31,30.2,4.8,6.66,5404,5423,15036,5
Semarang,Padi,2026-04-16,30.5,13.4,6.57,5575,4389,5761,4
Semarang,Padi,2026-04-10,31.6,4.9,6.33,4935,4386,8997,5
Malang,Cabai,2026-01-30,,0.0,6.43,632,1470,38022,5
Semarang,Padi,2026-01-06,27.7,12.4,6.35,4580,4138,11728,7
Malang,Cabai,2026-03-17,31.4,8.3,6.49,1409,1265,32634,4
Malang,Padi,2026-04-27,29.8,5.8,6.33,5182,4697,11371,7
Malang,Cabai,2026-04-11,25.9,0.0,6.7,1076,948,33341,6
Semarang,Cabai,2026-03-07,29.6,1.3,6.32,808,849,35107,7
Semarang,Cabai,2026-02-09,27.4,3.0,6.8,675,1065,39940,6
Malang,Cabai,2026-02-06,27.4,2.5,6.34,780,2088,43228,5
Malang,Padi,2026-02-08,31.2,7.5,6.18,5118,5429,13848,4
Semarang,Cabai,2026-02-02,30.9,8.5,6.87,874,560,32706,4
Semarang,Padi,2026-01-02,24.9,5.4,6.41,5002,5378,14774,4
Malang,Padi,2026-03-31,27.0,0.0,6.72,4884,4974,15415,4
Malang,Padi,2026-03-19,32.0,0.0,6.65,4748,5548,18284,4
Malang,Cabai,2026-04-26,30.8,8.2,6.29,854,998,35637,5
Semarang,Cabai,2026-04-20,29.7,3.6,6.33,777,914,28482,4
Malang,Padi,2026-03-12,30.1,1.0,6.46,5462,5397,15479,5
Malang,Padi,2026-03-29,33.2,12.6,6.48,4675,5289,16089,7
Semarang,Cabai,2026-01-06,32.3,2.4,6.97,1058,1553,36394,5
Semarang,Padi,2026-02-13,31.6,5.3,6.25,5395,5462,17099,4
Malang,Padi,2026-02-06,26.3,11.2,6.58,5428,5217,13291,6
Malang,Cabai,2026-01-12,31.5,9.3,6.72,853,931,31922,4
Malang,Padi,2026-02-26,30.1,0.1,6.76,5891,4638,7323,4
Semarang,Cabai,2026-02-27,27.8,4.5,6.55,790,889,35669,4
Malang,Cabai,2026-01-09,29.9,12.3,6.5,831,1278,38035,7
Malang,Cabai,2026-03-04,28.2,2.3,6.12,901,294,30686,6
Semarang,Cabai,2026-03-09,28.6,5.3,6.45,855,1130,37303,4
Malang,Padi,2026-01-04,30.7,,6.64,5125,5079,13750,4
Semarang,Cabai,2026-01-18,25.2,11.9,6.67,711,1303,38337,7
Semarang,Cabai,2026-03-06,27.8,11.0,6.41,1406,1213,35948,7
Malang,Cabai,2026-03-22,29.4,1.4,6.51,1274,1287,36067,6
Semarang,Cabai,2026-01-14,24.8,3.9,6.44,669,1361,34409,5
Semarang,Padi,2026-04-13,27.9,0.8,6.16,5036,5180,12072,4
Malang,Cabai,2026-04-02,31.8,0.9,6.08,1448,210,30738,4
Semarang,Padi,2026-02-20,30.4,6.6,6.4,5150,5419,13373,5
Semarang,Padi,2026-01-27,31.0,9.7,6.56,4838,5374,17696,4
Malang,Padi,2026-01-09,27.0,3.2,6.66,5034,5434,15316,5
Semarang,Padi,2026-03-03,27.0,16.0,6.16,4850,5111,17277,4
Malang,Padi,2026-04-01,28.8,0.6,6.46,4904,4972,12375,4
Semarang,Cabai,2026-04-22,26.5,9.8,6.34,645,1034,33429,5
Malang,Cabai,2026-04-04,26.9,12.9,6.36,846,1509,36729,4
Malang,Cabai,2026-02-10,30.0,0.0,6.38,1814,803,35917,7
Malang,Cabai,2026-04-24,29.6,2.7,6.48,793,974,33180,4
Semarang,Cabai,2026-03-28,29.4,0.0,6.36,1574,1049,33408,6
Semarang,Cabai,2026-04-20,26.6,10.9,6.53,768,991,37438,5
Semarang,Cabai,2026-03-22,29.9,1.2,6.18,877,1443,39538,5
Malang,Padi,2026-01-14,29.8,4.1,6.4,4954,5312,17810,4
Semarang,Padi,2026-02-28,29.2,3.3,6.8,4388,5192,17874,5
Semarang,Cabai,2026-01-08,29.3,8.3,6.29,1290,462,31576,7
Malang,Cabai,2026-04-23,29.1,6.4,6.37,696,1196,38224,5
Malang,Cabai,2026-04-18,27.9,16.4,6.44,740,1021,36043,4
Semarang,Cabai,2026-03-25,28.4,14.4,6.27,1011,574,31732,5
Semarang,Cabai,2026-01-17,32.5,6.4,6.55,718,830,39206,7
Semarang,Padi,2026-01-13,29.9,6.3,6.33,4889,5901,19844,6
Malang,Cabai,2026-04-07,31.6,0.5,6.41,1436,1013,32599,7
Malang,Padi,2026-03-22,26.3,10.4,6.46,4348,4370,12986,4
Malang,Padi,2026-03-22,33.7,8.5,5.98,4905,4964,11341,6
Semarang,Cabai,2026-04-15,31.2,12.2,6.97,527,451,36005,4
Semarang,Padi,2026-03-11,31.2,11.9,6.54,4936,4452,10983,7
Malang,Cabai,2026-04-10,28.9,0.0,6.72,1127,816,33822,6
Semarang,Cabai,2026-02-23,27.7,4.0,6.53,1043,472,31983,4
Semarang,Padi,2026-02-21,35.2,1.0,6.35,4596,4577,13527,6
Semarang,Cabai,2026-04-13,28.4,11.0,6.4,1006,631,36495,5
Semarang,Padi,2026-03-27,28.2,4.8,6.47,4535,5433,18035,6
Semarang,Cabai,2026-03-16,31.8,8.9,6.43,1595,378,26107,7
Malang,Padi,2026-02-04,28.6,4.1,6.21,5283,5381,16068,6
Malang,Cabai,2026-02-19,26.4,,6.28,646,830,34941,6
Semarang,Cabai,2026-04-21,29.2,3.6,6.54,702,1042,37001,5
Malang,Cabai,2026-03-25,27.2,5.5,6.73,1277,1013,32955,4
Malang,Cabai,2026-02-19,27.8,1.0,6.09,1046,966,36872,5
Semarang,Cabai,2026-02-13,27.6,10.7,6.39,1233,416,31385,7
Malang,Padi,2026-01-19,29.9,2.4,6.29,5253,4958,11545,7
Malang,Padi,2026-04-29,29.1,18.2,6.73,5348,5174,13462,5
Semarang,Cabai,2026-04-18,24.2,1.6,6.4,437,537,31538,4
Semarang,Cabai,2026-04-15,28.9,9.1,6.72,1124,614,28585,5
Semarang,Cabai,2026-02-24,27.2,4.2,6.3,1101,907,34051,4
Malang,Padi,2026-04-28,29.8,4.9,6.43,5265,5351,12537,5
Malang,Padi,2026-04-05,28.5,7.9,6.56,5549,4387,7945,6
Malang,Cabai,2026-03-18,25.8,6.7,6.37,779,421,32279,6
Semarang,Cabai,2026-01-18,30.3,13.3,6.55,832,1186,35681,5
Semarang,Padi,2026-03-17,30.9,3.1,6.54,4689,5174,14901,7
Malang,Padi,2026-01-16,30.6,4.9,6.15,5897,5698,14450,6
Semarang,Padi,2026-01-25,27.5,4.4,6.39,5379,5105,11061,5
Semarang,Padi,2026-01-19,28.1,10.6,6.82,5458,5302,12714,4
Malang,Cabai,2026-04-18,29.0,5.7,6.51,602,1222,39364,4
Malang,Padi,2026-01-10,30.2,2.9,,5027,5043,16076,5
Malang,Padi,2026-04-18,33.4,5.4,5.73,5371,4783,9457,7
Malang,Cabai,2026-04-23,30.2,0.0,6.28,1102,1249,37018,4
Malang,Padi,2026-03-09,28.0,6.2,6.8,4385,4911,13964,7
Semarang,Padi,2026-02-22,30.1,7.2,6.68,4856,4826,18221,5
Semarang,Padi,2026-04-30,29.0,0.0,6.09,4826,5422,18556,7
Semarang,Padi,2026-02-25,30.8,0.1,6.82,4710,5085,15854,5
Semarang,Cabai,2026-02-20,28.7,11.7,6.36,595,1007,36260,4
Malang,Padi,2026-04-11,28.2,0.0,6.12,4692,5045,18619,5
Semarang,Cabai,2026-02-15,28.4,6.3,6.4,1515,924,31872,6
Semarang,Padi,2026-01-19,27.3,9.2,,4952,4656,12981,7
Semarang,Padi,2026-02-11,26.7,5.5,6.82,5224,5037,9203,5
Malang,Padi,2026-04-14,31.6,7.3,6.36,5015,5309,17351,5
Malang,Cabai,2026-03-21,28.9,4.5,6.41,1127,1400,37781,4
Malang,Cabai,2026-02-25,31.2,5.9,6.54,1057,1700,37322,5
Malang,Padi,2026-03-26,31.2,6.2,6.18,4752,4757,16211,4
Malang,Padi,2026-02-26,31.5,6.8,6.4,4726,5455,15075,4
Malang,Cabai,2026-04-28,28.0,0.0,6.15,1721,1139,30351,7
Semarang,Cabai,2026-01-27,25.3,8.9,6.51,1211,1002,34217,6
Malang,Cabai,2026-01-22,32.5,11.1,6.4,1243,1289,34710,5
Malang,Padi,2026-04-02,28.3,11.1,6.5,5078,5560,21476,5
Semarang,Cabai,2026-04-27,29.1,5.5,6.58,852,493,36712,4
Malang,Padi,2026-01-13,29.9,14.2,6.34,5063,4444,10668,5
Malang,Padi,2026-03-06,28.6,9.0,6.62,4652,5149,17602,7
Malang,Cabai,2026-02-16,27.8,7.1,6.27,519,1312,39006,7
Semarang,Padi,2026-01-18,28.1,0.0,6.67,4547,5397,19151,5
Semarang,Padi,2026-01-12,34.3,10.9,6.33,5215,4433,7347,7
Malang,Cabai,2026-02-23,30.6,9.1,6.6,515,975,39237,7
Semarang,Padi,2026-03-27,29.9,5.9,6.57,5093,4214,11914,7
Semarang,Padi,2026-03-20,24.4,13.3,6.27,999999,5847,11775,4
Malang,Padi,2026-03-15,30.6,0.0,6.37,4814,5179,16474,7
Semarang,Cabai,2026-02-09,28.6,0.0,6.41,1498,839,28033,4
Malang,Padi,2026-03-29,30.6,0.4,6.54,4948,5704,17437,4
Semarang,Padi,2026-02-05,26.5,4.0,6.85,999999,5816,17168,7
Semarang,Cabai,2026-04-13,29.5,4.3,,663,1021,33643,5
Semarang,Cabai,2026-03-29,25.8,0.0,6.24,946,441,35231,4
Semarang,Padi,2026-01-23,25.8,11.5,6.63,4795,4383,11787,4
Malang,Padi,2026-04-01,27.6,8.6,5.98,5428,5399,14276,6
Semarang,Cabai,2026-01-21,28.9,3.6,6.73,1628,611,30764,5
Semarang,Cabai,2026-04-20,27.8,5.0,6.33,736,665,35282,5
Semarang,Padi,2026-02-28,29.0,5.3,6.44,5164,5420,16431,7
Malang,Padi,2026-02-11,25.0,4.7,6.1,4940,5561,14798,5
Semarang,Cabai,2026-03-25,23.4,6.9,6.79,738,582,35400,5
Semarang,Padi,2026-04-13,26.8,13.8,6.63,5011,5684,19428,6
Semarang,Cabai,2026-04-18,29.7,0.0,6.36,1325,479,29238,4
Semarang,Cabai,2026-03-16,27.0,7.0,6.69,1289,658,32622,6
Semarang,Padi,2026-01-09,29.1,14.6,,5353,4825,10736,6
Malang,Cabai,2026-04-24,,5.0,,1054,859,38321,5
Semarang,Cabai,2026-04-06,28.2,8.5,6.69,1062,58,30016,4
Malang,Padi,2026-01-05,29.9,0.0,6.36,5123,5164,16634,5
Semarang,Cabai,2026-03-17,29.0,0.1,6.05,1129,1069,33463,4
Malang,Padi,2026-04-08,28.5,7.8,6.87,4357,4720,15396,7
Semarang,Padi,2026-01-20,32.9,5.7,6.48,4940,4825,15521,7
Semarang,Cabai,2026-04-15,28.2,1.2,7.02,1125,1245,37875,5
Semarang,Cabai,2026-02-10,24.0,1.2,6.41,1174,1087,34231,5
Malang,Padi,2026-04-18,29.0,0.1,6.2,5217,5277,17468,5
Malang,Padi,2026-04-22,27.4,8.5,6.44,5357,5408,14677,4
Semarang,Cabai,2026-03-08,30.3,1.6,6.23,913,1606,40757,6
Malang,Padi,2026-03-16,31.5,0.0,6.6,4815,5646,16614,5
Semarang,Padi,2026-03-07,29.5,0.0,6.06,4933,5098,12574,6
Semarang,Padi,2026-03-27,30.1,4.3,6.66,4647,4857,18345,5
Malang,Padi,2026-02-05,33.6,0.0,6.66,5499,4870,12574,5
Malang,Padi,2026-02-25,,9.0,6.72,5470,4973,13902,4
Malang,Padi,2026-03-13,29.4,7.2,6.58,4518,4550,14365,5
Malang,Cabai,2026-03-04,30.7,6.6,6.28,1414,1814,37294,5
Malang,Cabai,2026-04-13,30.0,6.0,6.61,964,986,36921,4
Malang,Padi,2026-03-09,28.8,0.0,6.82,4823,4422,13271,7
Semarang,Cabai,2026-02-07,32.5,8.3,6.54,1122,1565,35466,7
Malang,Cabai,2026-04-28,26.7,3.4,6.72,1169,1257,35732,4
Semarang,Padi,2026-01-17,28.4,6.0,6.56,5096,4944,12485,5
Semarang,Cabai,2026-04-23,29.8,3.8,6.41,960,1117,32024,7
Malang,Cabai,2026-03-12,,3.8,6.8,555,699,38760,7
Malang,Padi,2026-01-19,33.1,1.5,6.48,4918,4218,9879,7
Semarang,Padi,2026-03-10,30.2,3.1,6.37,5380,4801,11693,6
Malang,Cabai,2026-01-28,30.9,0.0,6.26,1173,974,33094,4
Semarang,Cabai,2026-01-24,29.1,8.9,6.42,1470,684,32383,6
Malang,Padi,2026-02-20,28.3,10.7,6.73,4948,4706,14701,6
Semarang,Padi,2026-01-06,26.6,6.1,6.63,4910,5271,14384,4
Malang,Padi,2026-02-18,24.8,2.9,6.51,4917,4536,8463,7
Semarang,Cabai,2026-03-10,31.5,10.9,6.34,653,1198,38995,7
Semarang,Padi,2026-01-14,27.3,4.9,6.6,5230,5057,13796,5
Semarang,Padi,2026-04-05,27.1,0.3,6.4,4708,5210,14145,6
Semarang,Padi,2026-01-08,26.7,1.2,6.67,5021,5444,17805,5
Semarang,Cabai,2026-02-17,29.3,2.0,6.56,607,1333,40038,7
Malang,Padi,2026-03-25,,7.2,6.5,4945,4785,12511,7
Semarang,Padi,2026-02-22,30.5,2.4,6.45,4961,4959,12754,5
Malang,Cabai,2026-01-17,27.2,4.2,6.89,981,627,31135,7
Malang,Padi,2026-01-29,26.5,13.1,6.7,4613,5085,18809,6
Malang,Cabai,2026-04-05,33.5,0.0,7.03,1017,1516,35093,4
Malang,Padi,2026-02-12,28.8,6.5,6.71,4486,5062,18669,4
Semarang,Cabai,2026-01-08,27.1,0.3,6.68,536,1670,39757,6
Semarang,Cabai,2026-03-18,27.6,2.7,6.53,743,572,32189,6
Semarang,Cabai,2026-01-07,27.4,9.4,6.35,414,1278,42612,4
Semarang,Padi,2026-04-27,29.0,3.6,6.58,4745,4866,11764,7
Semarang,Padi,2026-04-14,29.9,1.2,5.87,5238,5197,16500,6
Malang,Cabai,2026-04-01,29.3,7.9,6.21,1129,771,29499,6
Malang,Padi,2026-03-19,27.5,7.6,6.14,5191,5113,13102,6
Semarang,Padi,2026-01-10,28.2,0.0,6.43,5271,4890,11494,5
Malang,Cabai,2026-02-11,31.6,7.1,6.53,1068,1571,38467,5
Semarang,Cabai,2026-04-17,26.3,1.7,6.39,1481,1294,32790,5
Semarang,Padi,2026-03-25,32.3,3.3,6.19,4943,4866,10928,4
Semarang,Padi,2026-01-22,26.8,9.9,6.38,4992,4948,13730,7
Semarang,Cabai,2026-04-19,31.6,7.5,6.67,765,554,36310,4
Semarang,Cabai,2026-02-08,31.0,4.4,6.73,918,489,33603,5
Malang,Cabai,2026-02-10,27.1,3.7,6.35,957,926,33100,7
Malang,Cabai,2026-03-14,31.7,1.8,6.87,1082,1508,37360,6
Semarang,Cabai,2026-03-02,26.2,4.4,6.53,1013,1532,37296,5
Semarang,Cabai,2026-03-04,27.6,9.8,6.2,1073,682,27399,7
Malang,Cabai,2026-03-12,28.4,4.7,6.46,1072,892,34238,4
Semarang,Padi,2026-01-14,28.7,0.5,6.62,4915,4854,14719,7
Semarang,Cabai,2026-02-01,31.5,0.0,6.29,1200,1700,36345,7
Semarang,Cabai,2026-03-22,27.1,10.7,6.57,1348,1434,31250,6
Semarang,Cabai,2026-01-04,25.6,0.0,6.79,837,1284,37178,6
Malang,Padi,2026-01-21,29.5,12.3,6.37,5020,4392,9515,7
Malang,Cabai,2026-04-23,29.7,8.7,6.61,390,817,35200,6
Malang,Cabai,2026-02-24,31.1,6.5,6.78,790,433,36125,7
Malang,Cabai,2026-02-06,,9.2,6.52,781,823,35791,7
Semarang,Cabai,2026-02-17,28.4,,7.02,1052,1333,37448,7
Malang,Padi,2026-02-27,23.4,0.0,6.57,4184,5028,19542,4
Malang,Padi,2026-02-24,30.7,8.0,6.69,5481,5438,14178,4
Semarang,Padi,2026-04-06,28.4,10.6,6.61,4885,5529,16636,4
Semarang,Cabai,2026-01-01,27.1,4.9,6.34,1280,661,31674,6
Semarang,Cabai,2026-01-30,29.8,0.1,6.55,1170,983,34132,5
Semarang,Cabai,2026-02-08,30.8,11.9,6.31,1530,878,35728,4
Semarang,Padi,2026-01-15,30.4,3.1,6.51,5431,4871,10364,6
Malang,Padi,2026-04-21,28.0,11.0,6.38,5350,5322,13403,7
Malang,Padi,2026-04-01,27.6,8.6,5.98,5428,5399,14276,6
Malang,Cabai,2026-04-17,32.4,1.1,6.24,731,465,36343,7
Malang,Cabai,2026-02-27,29.8,1.0,6.27,1139,1746,40521,5
Semarang,Cabai,2026-03-17,30.3,10.6,6.28,692,1243,39035,4
Malang,Padi,2026-02-21,30.0,0.0,6.59,5219,4826,14689,7
Malang,Cabai,2026-03-18,25.8,6.7,6.37,779,421,32279,6
Semarang,Padi,2026-04-12,30.8,3.8,6.74,5161,6093,18847,7
Malang,Cabai,2026-03-22,31.3,4.8,6.83,1235,1539,34990,4
Malang,Cabai,2026-02-15,32.4,0.0,6.53,1311,876,30485,5
Malang,Padi,2026-02-26,29.9,7.8,6.54,5071,4367,12068,7
Semarang,Cabai,2026-03-15,29.0,13.1,6.25,1202,1188,33164,6
Malang,Padi,2026-02-21,29.9,11.6,6.61,4394,4852,16206,5
